Gender,Married,Dependents,Education,Self_Employed,ApplicantIncome,CoapplicantIncome,LoanAmount,Loan_Amount_Term,Credit_History,Property_Area,Loan_Status
0,1,3,0,1,150888,85630,4661995,180,1,2,1
0,1,1,0,0,205810,72123,3862478,300,1,0,1
1,1,0,1,0,447585,58612,1362144,240,1,1,1
1,1,1,0,1,87472,193171,3389092,300,1,2,1
0,1,2,0,0,80514,118151,2712894,240,0,2,0
0,0,2,0,1,86710,53241,79501,360,1,0,1
0,1,0,1,0,133706,63823,4001608,300,0,0,0
1,0,0,1,0,435519,170281,2690253,360,0,0,0
0,0,3,1,1,35309,85100,617826,360,1,0,1
1,1,2,0,1,171002,131713,4835422,120,0,2,0
0,1,0,1,0,477029,97961,4605230,120,1,2,1
0,0,3,0,1,399746,50305,4346501,120,1,1,1
1,1,1,1,1,443000,149,223495,240,1,2,1
1,1,1,0,1,37741,113303,949307,120,1,2,1
0,0,1,1,0,310738,129423,1380269,240,1,2,1
1,1,2,0,0,201375,15056,2427959,300,0,0,0
1,1,0,0,1,123228,46960,1504377,300,1,0,1
1,0,1,1,1,422537,11279,4092799,360,1,0,1
0,1,0,0,1,238378,127170,2229465,180,0,0,0
0,0,2,1,0,114537,78902,4920122,180,1,2,0
1,0,2,0,0,58703,66849,874073,240,1,1,1
0,1,3,1,0,222114,89177,2385500,360,1,2,1
1,0,3,1,1,368066,48673,864416,300,0,0,0
0,1,2,1,1,133824,20548,4544359,300,1,1,0
1,1,2,1,0,46951,89141,3555613,240,1,2,0
0,1,3,0,1,378603,74644,1916446,120,0,1,0
0,1,1,0,1,82916,4015,2053327,120,0,0,0
0,1,2,1,0,201054,93576,395831,300,0,1,0
1,1,1,0,1,172834,149790,2589936,300,1,0,1
0,0,0,0,0,82449,98940,1440908,180,0,0,0
1,0,2,1,0,391511,40465,797656,300,1,2,1
0,1,3,0,0,106410,176729,2439792,240,0,2,0
1,0,3,0,0,326080,195693,712475,240,1,2,1
0,0,2,1,0,170796,126225,4805083,180,0,0,0
1,0,3,0,1,105763,167298,4995929,360,0,1,0
1,0,3,0,1,98808,27246,1481462,360,0,0,0
0,1,1,0,1,403781,147227,1160456,120,0,2,0
1,1,2,1,1,184960,155307,3526435,360,0,0,0
1,1,0,0,1,361647,15637,3953981,120,1,1,1
1,0,3,1,0,194344,44922,3548882,360,1,0,1
1,1,1,1,1,207078,168404,4898176,240,0,1,0
1,1,3,0,0,205579,147301,4311913,180,1,1,1
1,1,0,1,0,427589,130654,3860900,120,1,1,1
1,0,0,1,0,374658,8460,4543546,120,0,0,0
1,0,1,0,0,174064,187035,4408717,360,0,2,0
1,1,2,1,1,51660,103154,2985597,360,1,1,1
0,0,0,0,1,223622,135091,772363,240,1,2,1
0,1,2,0,0,370689,167230,1509913,180,1,1,1
1,0,3,0,0,465690,52655,4477294,360,1,2,1
1,1,0,1,1,252772,128588,1007399,120,1,2,1
1,0,0,1,1,496674,2395,2399093,180,1,0,1
1,1,1,0,1,216101,3224,4191471,180,0,1,0
1,1,1,1,1,422953,116413,2084820,300,1,0,1
1,0,2,1,1,381754,173507,2339427,180,0,1,0
1,1,0,0,1,336034,23650,3853731,120,1,1,1
1,1,0,0,1,385129,4882,3990662,120,1,2,1
1,1,0,0,0,192520,113996,4445268,360,1,2,1
1,0,1,1,1,312146,59558,2997376,120,1,2,1
1,0,2,1,0,158689,47104,627812,360,1,0,1
1,0,3,0,0,115837,70136,3699422,180,0,0,0
0,1,3,1,0,308277,158284,2672218,120,1,0,1
1,1,3,1,0,198422,40445,1090473,240,1,1,1
0,0,2,1,1,68073,191708,4554778,180,1,2,1
0,0,1,1,0,227361,174176,835631,300,1,2,1
1,0,3,1,0,173884,106468,2041277,120,0,2,0
1,0,0,0,1,29031,161804,894230,360,0,1,0
0,1,1,1,0,392034,87468,3301646,120,0,0,0
0,1,1,0,1,122233,7003,796917,240,1,0,1
0,0,3,1,0,453388,83460,2806761,360,0,1,0
1,1,3,0,0,60632,122134,4348376,120,0,1,0
0,0,3,0,1,211908,144277,1417004,180,0,1,0
1,1,3,0,1,172766,135494,1877640,120,0,0,0
1,1,2,0,0,172760,118928,2351083,240,0,2,0
1,1,0,1,1,246219,118185,1324360,180,1,1,1
0,0,3,0,1,428157,149248,2572805,300,0,0,0
1,0,3,1,0,242483,34553,3056239,180,1,2,1
1,1,0,0,0,271187,172109,993862,360,0,2,0
1,0,2,0,1,419111,33170,1709454,300,1,2,1
1,0,2,1,0,54955,108720,704691,360,0,2,0
0,0,2,0,1,132217,165035,4063819,360,1,2,1
0,1,0,0,1,202172,131866,1298770,240,0,2,0
0,0,1,0,0,53272,169074,3454167,120,0,0,0
1,0,3,0,1,400419,59280,4023840,360,1,2,1
0,0,1,1,1,346740,38950,3575855,360,1,0,1
1,1,1,0,0,329766,95887,1975452,180,1,0,1
1,0,3,0,0,159451,127213,1463484,300,0,0,0
0,1,3,0,1,363778,81387,3380712,120,1,0,1
0,1,3,1,1,135807,192958,2026129,180,0,1,0
1,1,0,1,1,156132,176493,1267888,120,0,2,0
1,1,0,1,1,179054,196827,421199,300,0,1,0
0,0,3,0,1,180332,150683,1628516,300,0,0,0
0,0,2,1,0,162774,3640,2718173,240,0,2,0
1,0,3,1,0,283103,87190,2500243,240,0,2,0
0,0,0,0,1,437814,44568,1473738,300,0,0,0
1,0,0,0,0,177551,182907,4926284,300,0,1,0
0,0,3,1,1,208334,143740,4673882,240,1,0,1
0,1,3,1,1,57422,103309,2956189,300,0,1,0
0,1,2,1,1,235001,120108,645698,360,0,0,0
1,1,3,1,0,85662,129544,2773283,240,0,1,0
1,1,1,0,1,384241,45610,354501,240,0,0,0
0,1,2,1,1,321865,187462,2615190,180,1,2,1
0,1,3,1,1,278798,49061,4123366,180,0,1,0
0,1,0,0,1,180599,185162,1577232,360,0,1,0
0,0,1,1,0,240601,58519,2915444,180,1,2,1
0,1,0,0,0,322568,46548,2674807,240,0,1,0
0,1,0,0,0,427170,123336,3133104,300,0,2,0
1,0,0,0,1,257483,106755,2526956,360,0,0,0
0,1,1,1,0,333594,6567,4810305,120,1,1,1
1,1,0,1,1,360315,44341,3235623,180,1,0,1
0,1,0,1,0,239125,84426,2709769,300,0,0,0
0,1,0,0,0,269577,132488,2247452,120,1,1,1
0,1,1,1,1,40436,59801,2595785,240,0,1,0
0,1,3,1,1,90502,189424,4401974,120,0,0,0
1,1,0,0,0,359600,15579,2827480,360,1,1,1
1,0,3,0,1,354185,162570,1518129,300,1,2,1
0,1,1,0,1,108970,93960,288477,120,0,0,0
1,1,3,0,0,239223,124872,2044488,300,0,2,0
1,0,3,0,1,115731,14543,2721205,240,0,2,0
0,0,0,1,1,200134,189049,2711014,240,1,2,1
0,0,3,1,1,414743,121580,4385328,300,0,1,0
0,1,2,1,1,451667,155831,3703728,180,1,1,1
0,0,2,0,1,186085,198854,1560777,300,0,1,0
1,1,3,1,1,426530,99757,4642714,180,0,2,0
0,1,0,1,1,73624,8637,3260575,180,1,2,0
0,1,0,1,0,261841,157294,2984081,300,1,0,1
0,0,3,0,0,343592,30431,1035277,300,1,0,1
1,1,3,0,0,454242,133219,1150794,240,1,0,1
1,0,3,1,1,159128,52952,983234,180,1,2,1
0,1,3,0,0,460009,77394,4960365,180,1,2,1
1,1,1,0,1,180135,105655,1501571,300,0,1,0
1,1,0,1,1,394541,191058,1046367,120,1,2,1
0,1,0,0,1,248891,101889,1506376,240,1,0,1
0,1,1,0,1,172934,72536,2271011,120,0,2,0
1,1,3,0,1,277879,196643,1749907,180,1,1,1
0,1,1,0,0,231673,110769,4576277,180,1,2,1
0,0,1,0,1,386436,183880,3992328,360,1,1,1
0,1,3,1,1,492088,35280,2791346,180,1,1,1
1,0,1,0,1,463016,155778,1476634,300,0,2,0
0,1,1,0,1,136480,173276,349486,120,1,1,1
1,1,2,0,0,296677,158912,1064799,300,1,1,1
0,1,2,0,1,199963,155603,2557734,300,1,2,1
0,1,1,0,0,221779,168573,607028,360,0,2,0
0,0,0,0,0,176010,81920,1110555,360,0,2,0
1,0,2,0,1,147592,157155,3018743,180,0,1,0
1,1,3,1,0,343282,47262,840593,180,1,2,1
0,1,2,1,1,318865,95510,4254340,120,1,0,1
0,1,3,0,1,282180,122403,1952766,180,0,2,0
0,0,3,1,1,215094,3505,2860616,120,1,0,1
1,0,1,0,0,128731,36782,774668,360,0,0,0
0,0,2,1,0,368018,133568,2202767,240,0,2,0
1,1,0,1,1,444813,149698,4437763,240,0,2,0
1,1,1,1,1,211210,193115,3136112,240,1,0,1
0,1,1,1,0,380056,48171,3463939,300,0,1,0
0,1,2,1,1,339792,153900,3985669,240,1,2,1
0,0,0,1,0,108427,68216,1184351,240,1,1,1
0,1,3,0,1,335915,129018,230712,300,0,1,0
1,0,2,1,0,487470,93148,2236108,300,0,2,0
1,0,2,0,1,328276,41796,1635766,240,1,2,1
0,1,2,0,0,58204,156327,627099,180,1,0,1
1,0,2,0,1,480233,38268,4347296,240,0,2,0
0,0,0,1,1,497638,180012,4279998,360,1,2,1
1,1,0,0,1,49900,64343,2759000,180,1,0,0
1,0,1,0,0,345765,194428,2188191,300,0,2,0
1,0,3,1,1,360774,31948,4912322,300,0,2,0
1,0,3,1,1,450513,161853,655630,120,0,0,0
1,1,2,1,1,436503,85456,3348582,240,0,0,0
1,1,3,0,0,190860,13736,2222904,240,0,1,0
1,0,1,1,1,78586,78061,1317900,360,0,1,0
0,0,2,1,0,218904,184864,2712325,300,0,0,0
0,0,1,1,1,472429,120561,308511,360,0,1,0
0,1,0,1,0,165494,67754,956561,120,0,1,0
0,1,1,0,1,341339,31101,1720954,120,1,2,1
1,1,2,0,0,271983,143590,338510,300,0,0,0
1,1,3,1,1,161182,49238,2016452,180,0,0,0
1,0,0,1,1,216389,147112,955619,300,1,2,1
1,0,3,1,1,375304,15205,3054906,300,1,1,1
1,1,2,0,1,471367,138,285879,240,0,2,0
1,1,1,0,1,49456,182500,4638279,120,0,2,0
1,0,2,0,0,492037,159080,4174176,300,1,0,1
1,1,0,0,1,170083,37405,2780326,300,1,1,1
0,0,2,1,0,39207,10151,3931409,180,0,1,0
0,0,2,1,0,408588,157175,3803758,180,0,1,0
0,1,2,1,1,360822,137758,1436766,120,1,1,1
0,0,3,0,0,98430,34476,1479112,180,1,0,1
0,0,2,0,0,308648,76724,1214639,360,1,1,1
1,0,3,0,0,386334,51105,4324448,240,0,2,0
0,0,2,1,1,42621,25086,2176434,180,0,0,0
1,1,3,1,0,24470,44688,3514787,180,1,1,0
0,1,3,1,1,469009,48249,1435749,360,1,2,1
1,1,2,1,1,390277,55019,2768479,180,0,1,0
0,1,2,1,0,142943,179602,4302845,120,0,0,0
1,1,1,1,0,94956,130970,1685445,240,1,1,1
0,0,3,0,1,330147,151745,3748540,300,0,2,0
1,0,2,0,1,419257,57801,1030415,240,0,0,0
1,0,2,0,1,385686,93660,1894797,180,0,1,0
1,0,2,0,0,62046,47317,4622893,120,1,2,0
1,0,3,1,0,314507,23960,1759039,300,1,0,1
1,0,0,0,1,311678,65525,1482063,120,0,1,0
1,0,0,0,1,135228,86184,918386,360,0,2,0
1,1,3,0,0,433199,35859,1658381,180,0,0,0
1,0,2,1,0,349896,18726,4171745,180,0,0,0
0,0,1,0,0,358050,136049,375992,180,0,2,0
1,1,0,1,0,423551,90596,2043131,180,0,2,0
1,0,1,1,0,346188,35543,4348894,120,1,2,1
0,0,3,1,0,251813,196918,3163799,120,1,1,1
1,1,3,1,1,449633,34611,1616139,240,1,0,1
1,0,2,0,1,268624,78212,4858679,180,1,1,1
0,1,0,0,1,415446,30661,551366,360,0,2,0
0,0,0,1,1,392597,156971,997439,180,0,1,0
1,1,1,0,0,198725,72567,1011445,360,1,1,1
1,1,3,1,1,371459,62717,3103989,300,1,0,1
0,0,0,0,1,68618,88693,4887210,180,1,0,0
1,1,3,1,1,225791,174682,3309478,120,1,0,1
1,0,3,0,1,379292,114197,1059075,240,0,1,0
0,0,1,0,1,30742,16293,1576449,180,0,2,0
0,0,0,1,1,247548,42907,2711060,180,0,2,0
1,1,2,1,1,27583,118893,351864,240,1,2,1
1,1,3,1,1,25598,163315,4888637,120,1,1,0
0,1,2,1,0,265547,178403,2114772,360,0,0,0
1,0,3,0,1,296948,60865,379218,120,0,0,0
1,0,1,1,0,304533,92283,571954,300,0,0,0
0,1,0,0,0,170777,115318,4870458,240,0,0,0
0,1,1,0,1,278824,50861,2637193,180,0,2,0
1,1,0,1,1,333989,105245,4962568,240,1,2,1
0,1,1,0,1,498937,53041,4308865,360,0,2,0
0,0,0,0,1,414026,115295,265219,120,1,1,1
1,0,1,1,0,446794,107121,4486797,360,0,2,0
0,0,1,0,1,259322,50824,3711463,120,0,1,0
1,0,3,0,0,348973,118037,1530273,240,0,1,0
1,1,1,0,0,47691,24732,342246,360,0,0,0
0,1,0,0,1,306257,138044,1935030,240,1,2,1
1,1,3,0,1,386097,128252,3932793,360,0,2,0
1,1,0,1,0,480831,145304,2302038,180,1,0,1
0,0,3,0,0,120118,158457,1221988,300,1,0,1
0,0,3,0,0,123189,96291,991406,240,0,2,0
1,1,3,0,1,190706,85794,4242315,300,0,2,0
1,1,0,1,0,31611,184444,517378,240,1,0,1
1,1,0,1,1,227475,103785,4197991,120,1,2,1
1,0,3,1,0,303443,72712,3691139,300,1,1,1
1,1,1,1,0,20060,102637,3492155,180,0,0,0
0,0,0,1,0,177242,69180,3185674,120,1,2,1
1,1,0,1,0,299151,115967,675445,240,0,1,0
1,0,0,1,0,174440,90547,1117425,180,0,2,0
1,0,2,1,1,399142,27475,1941483,180,0,2,0
0,1,0,0,1,374527,11538,941313,300,0,0,0
0,1,1,1,1,202728,130757,308173,180,0,2,0
1,0,2,0,1,205417,69616,3418717,360,1,1,1
0,1,0,0,1,56593,118363,728431,360,0,2,0
0,1,2,1,1,258365,142712,1413736,300,0,1,0
1,1,3,0,1,21494,14975,3598128,120,1,2,0
0,0,3,0,1,304440,100179,460291,120,0,0,0
0,0,3,1,1,240640,1878,2294693,360,0,2,0
0,1,1,0,0,74394,79993,4552607,120,1,0,0
0,1,0,1,0,219880,128118,269275,240,0,1,0
1,0,0,1,0,431485,74825,3697537,300,1,0,1
1,1,3,0,1,485628,39154,4691038,180,1,0,1
1,0,2,1,0,268690,54768,3585480,300,1,0,1
0,1,3,0,1,63719,20805,1337341,240,0,0,0
1,1,0,0,1,38072,49907,4702747,120,0,2,0
1,1,0,1,1,96655,99539,4452514,360,0,0,0
0,1,2,0,0,497525,132045,3007590,300,0,0,0
1,1,0,1,1,394923,192936,4355836,360,1,2,1
1,1,1,1,0,420048,139731,514286,240,1,0,1
1,1,2,0,0,496030,35030,1727027,180,0,2,0
1,0,2,1,0,250326,14249,4888507,240,0,0,0
1,0,0,0,1,44047,45316,1442929,180,1,1,1
1,0,0,0,1,69623,95338,1927836,240,0,1,0
1,0,0,1,0,208321,145099,70633,300,0,0,0
0,1,3,1,1,179953,83730,3055505,300,0,1,0
1,0,3,0,1,446871,159648,4543365,300,1,2,1
0,0,1,0,1,58893,139435,251859,360,1,1,1
0,0,1,1,0,207124,194823,717851,240,1,2,1
0,1,0,1,1,485547,56348,1449321,120,1,2,1
1,0,3,0,0,184622,52917,3677657,180,0,0,0
1,1,0,0,1,216817,31452,2300692,180,0,0,0
0,1,1,1,0,100305,84554,4167187,180,0,2,0
1,1,0,0,1,276842,139843,282829,360,0,2,0
1,1,3,0,0,279856,120657,3370778,240,1,1,1
0,0,3,0,0,361764,34033,1614697,360,0,0,0
0,1,1,0,0,34852,27119,2853338,120,1,1,0
1,1,2,1,0,105356,113558,3918211,360,1,0,1
1,1,0,1,0,170320,120799,923284,120,1,1,1
1,0,2,0,1,337359,9771,687988,240,0,0,0
1,0,1,1,0,46462,100365,3403541,180,1,0,0
0,1,1,1,0,488320,97121,852162,360,1,0,1
0,0,0,0,0,308184,57189,3376511,180,0,2,0
0,1,0,1,1,188658,23316,3884822,300,1,1,1
1,0,1,1,1,174680,64145,2141400,300,1,1,1
1,0,0,0,1,48539,185645,4157368,120,1,1,1
1,1,0,0,1,289042,12304,424721,240,0,0,0
1,0,2,0,0,467543,187545,4283548,300,1,2,1
0,1,0,0,1,207943,149769,3938453,120,1,2,1
0,1,1,0,0,201372,122092,4646375,360,1,2,1
1,0,3,0,0,347181,118784,3166125,360,1,0,1
0,1,1,1,0,412527,51396,940043,240,1,2,1
1,0,2,1,0,404656,38299,4650238,120,0,1,0
1,0,3,0,0,136540,19788,4289068,300,1,0,0
0,1,3,0,1,120069,162435,473617,120,0,0,0
0,0,3,0,1,438385,2678,3740955,300,0,2,0
0,1,2,0,0,340446,118592,3386856,240,0,0,0
0,0,2,0,0,74344,195005,2410327,180,1,2,1
0,0,1,1,0,86659,153279,1802152,180,0,1,0
0,1,1,1,0,108561,100189,3402950,360,0,0,0
1,1,0,0,0,66735,71367,523889,180,0,2,0
1,1,2,0,0,460858,106247,4966985,120,0,1,0
1,1,3,1,1,42114,127937,1970329,120,1,2,1
1,0,2,1,0,402726,66186,4852679,180,0,1,0
1,1,1,0,0,87098,33883,2948420,300,0,0,0
1,0,2,1,1,98540,195679,2338679,120,1,2,1
0,1,3,1,0,470434,78205,4631013,360,0,0,0
0,1,3,1,1,252559,189241,2425075,240,0,2,0
0,0,1,1,0,58005,117264,2346548,240,1,2,1
0,1,0,0,0,276573,59132,1622916,300,0,1,0
0,0,2,0,0,115038,94501,2960905,180,0,0,0
1,1,0,1,0,267351,189905,882730,300,1,0,1
0,1,2,1,1,256047,41061,354680,240,1,1,1
1,1,2,0,0,421960,182593,3866958,180,0,1,0
1,0,0,1,1,261316,150484,1011502,300,1,1,1
1,0,0,1,0,292249,145147,3126926,120,0,0,0
1,0,3,1,1,266849,33861,1866671,300,1,0,1
1,0,0,0,0,258095,28329,2595242,180,1,0,1
1,0,3,0,1,101686,161967,2234435,300,1,2,1
0,1,0,1,0,326404,134389,997821,120,1,2,1
0,0,1,1,0,353790,47744,4868184,300,0,2,0
0,1,1,1,0,412092,175757,1163463,120,1,2,1
0,1,3,1,0,443417,178908,2039447,360,0,1,0
1,0,3,0,0,422425,70252,2837779,300,1,0,1
0,0,1,1,0,320072,6437,2741216,240,0,2,0
0,0,2,1,0,347897,29247,541328,360,1,2,1
0,1,2,1,1,485332,56179,3596828,300,1,0,1
1,1,3,0,1,312171,89472,3924010,180,0,1,0
0,0,3,1,0,135439,196381,610095,360,0,0,0
0,1,2,1,1,384956,171191,1105849,180,0,1,0
0,1,2,0,1,462971,178959,635505,180,0,1,0
1,1,0,1,0,255616,185109,4052043,120,1,2,1
1,0,2,1,0,24448,121880,3854032,120,0,0,0
1,1,1,1,1,230340,149847,2518774,360,0,0,0
0,0,0,0,0,210662,61098,2571142,120,1,2,1
1,0,3,1,0,318706,190112,2841173,300,0,2,0
0,1,2,1,0,399269,112677,2244780,180,0,2,0
0,1,1,0,0,102627,73167,1157835,360,0,2,0
1,1,0,0,0,62219,111186,2126339,180,1,0,1
0,0,0,0,1,113624,169195,3243012,120,1,2,1
0,0,0,1,1,25791,130973,4510239,180,1,1,0
0,0,1,1,1,322520,7418,3321267,120,1,2,1
0,1,2,1,0,241093,112735,2921601,360,0,0,0
0,1,3,1,0,426583,62657,2230922,120,1,2,1
0,1,3,0,1,374313,154023,1315850,120,0,1,0
0,0,3,1,0,404839,184137,2284440,300,0,2,0
0,1,3,0,1,364736,114678,2985292,120,1,2,1
1,1,0,0,0,111079,166568,3034257,240,0,1,0
1,1,2,1,1,275988,47874,433776,120,1,1,1
1,1,2,0,0,205845,133838,4064236,240,1,2,1
1,1,1,0,1,74853,92217,999268,300,1,1,1
1,1,3,0,1,24609,188774,2005799,240,0,1,0
1,1,1,1,1,95333,161919,808336,240,0,2,0
1,1,0,0,1,492162,101239,1749254,120,0,0,0
1,1,0,0,1,492660,185120,776196,120,1,2,1
1,1,2,0,1,457199,103721,1158918,360,0,1,0
0,0,3,1,1,366280,194391,1809525,180,0,1,0
1,1,0,0,0,362204,31723,2115659,360,1,1,1
1,1,3,0,0,200065,54239,4782334,240,0,0,0
0,1,1,0,1,30208,85205,1685724,360,0,2,0
0,1,0,1,1,338164,5865,1538385,120,1,1,1
1,1,2,0,1,231423,184616,2642106,360,1,1,1
1,1,3,0,1,224001,139376,2177467,300,1,2,1
1,0,2,0,0,136093,163421,201400,240,0,0,0
0,0,1,1,1,392811,166747,822188,300,1,2,1
0,0,3,0,1,250101,109912,2553963,180,0,1,0
1,1,1,0,1,160930,190721,1078226,360,0,2,0
1,1,0,1,1,406892,146839,1817217,240,0,0,0
1,1,3,1,0,213595,127374,351231,360,0,2,0
1,0,2,0,1,455880,171614,3092531,120,0,2,0
1,1,3,1,0,321220,114591,2039745,120,0,1,0
1,0,1,0,0,95801,144206,4785911,360,1,1,1
0,1,0,1,0,92125,62852,2193642,120,0,1,0
0,0,1,1,1,372132,94268,786257,240,1,2,1
0,1,0,0,1,292527,28712,4303013,240,1,2,1
1,0,3,1,1,307060,42578,4569645,120,1,0,1
1,0,0,1,1,86469,62769,3670498,120,1,2,0
1,1,3,1,1,434473,148751,1427309,240,0,1,0
0,1,2,1,0,267187,6067,4419635,180,1,0,1
1,1,0,1,1,230152,132325,656161,240,0,2,0
0,1,1,1,0,344593,47653,235721,300,0,0,0
0,0,0,0,0,71316,135546,246415,120,1,2,1
0,0,2,1,0,489480,143072,451140,360,1,0,1
1,0,0,0,1,211662,66927,1990688,360,1,1,1
1,0,0,0,1,27683,35592,2451721,300,0,1,0
1,0,0,1,0,302521,56339,4274616,180,1,0,1
1,1,3,0,1,308392,123131,161465,180,1,0,1
1,1,3,0,0,151984,119632,4845940,300,0,2,0
0,1,2,0,1,462806,106038,1886129,120,0,1,0
1,1,2,0,1,111056,29142,1816491,240,0,1,0
1,0,0,0,0,487719,157569,2633749,180,0,0,0
1,0,2,0,0,157480,95539,4535832,180,1,2,1
0,1,2,1,0,422726,110653,3576424,180,0,2,0
1,0,3,1,0,120783,8768,643493,300,1,2,1
1,0,0,1,1,337673,187001,3891177,180,0,0,0
0,0,3,0,0,361444,42587,4467427,180,1,1,1
0,1,1,1,1,322920,10830,3471318,120,0,1,0
0,0,2,0,1,368789,169055,2586151,120,1,2,1
0,1,0,0,1,480815,95013,4051101,180,1,2,1
0,1,1,1,1,72720,125630,4807776,240,1,1,0
1,1,1,0,1,314364,43842,1317888,120,0,0,0
0,0,0,0,0,217450,15663,3402181,180,0,1,0
0,0,3,1,0,136723,56032,4452603,240,1,2,0
1,1,0,0,1,296226,48453,2628364,120,1,1,1
1,1,3,0,0,74274,133691,763948,120,0,1,0
0,0,1,0,0,480291,150934,1441944,240,1,2,1
1,0,3,0,1,376912,149395,1846853,120,0,0,0
0,1,2,1,0,93468,27437,4546369,120,1,0,0
1,0,3,1,1,453506,183238,539737,240,1,1,1
0,0,1,0,0,365290,166557,4915219,120,0,2,0
1,1,1,0,0,110525,64407,69641,300,1,0,1
0,0,2,0,1,305585,58435,4911922,360,0,0,0
0,0,1,1,1,117296,172427,4136548,180,1,2,1
0,0,1,0,1,350068,17616,4010134,240,1,2,1
1,0,3,0,1,475705,199510,3328494,360,1,1,1
1,0,1,0,1,49525,150668,3632729,180,0,0,0
1,1,1,1,0,407166,7337,4887803,240,0,1,0
1,0,3,1,0,328434,105034,4947937,240,1,2,1
0,0,2,1,1,233027,76818,1243685,120,1,0,1
1,0,2,1,0,435077,30170,3214055,360,1,1,1
0,1,0,0,1,425039,151875,1476116,240,0,1,0
0,0,1,1,0,361591,3356,2371356,120,1,1,1
1,0,3,0,0,292723,182604,3322430,360,1,0,1
0,1,1,0,0,383840,164178,1793365,240,1,2,1
0,1,1,1,0,221198,33039,1124695,120,0,0,0
1,1,1,1,1,152237,28216,1065739,120,0,2,0
1,1,0,1,1,145071,98384,272051,240,0,1,0
0,1,0,1,0,368746,84832,2993221,120,0,0,0
0,0,1,0,0,431065,58629,3403936,180,0,2,0
1,0,2,0,0,173991,20722,450738,180,0,1,0
1,0,3,1,0,273366,191360,4022899,300,1,2,1
0,0,0,0,1,461859,118115,550452,240,1,1,1
1,1,2,0,0,327032,58331,4223777,300,1,2,1
1,1,3,0,0,151723,60141,2770148,240,1,0,1
1,0,0,0,0,103963,92741,4155121,300,0,1,0
0,1,1,0,0,110562,9087,3460293,240,0,2,0
1,1,0,0,1,126614,61748,3340971,300,1,1,1
0,1,3,0,1,266341,96346,2630461,120,0,0,0
1,1,3,0,1,173126,112481,1887577,180,0,1,0
1,1,3,1,1,353503,196393,3610672,180,1,0,1
0,1,1,0,1,109512,184801,406488,240,0,0,0
0,1,2,1,1,209067,76217,2607194,120,1,2,1
0,1,3,0,0,333924,156352,563845,240,1,1,1
1,1,3,0,1,294706,128838,4027130,120,0,1,0
1,0,2,1,0,286637,18029,2020087,120,0,1,0
0,0,1,1,1,113014,21424,2876762,120,1,1,0
1,1,0,1,1,172932,53498,407325,180,0,0,0
1,0,0,0,0,87248,27653,1721447,300,1,2,1
0,1,2,0,1,338647,171891,1265027,180,1,2,1
1,0,2,0,0,469535,194989,1602033,240,1,1,1
0,1,0,1,1,83972,93401,934052,120,1,2,1
1,1,3,0,1,135816,142620,3977788,360,0,2,0
1,0,1,1,0,491892,53386,3088899,300,0,0,0
1,1,0,1,1,274101,168038,3025153,120,1,0,1
0,1,3,1,1,451760,186301,2992898,300,1,2,1
1,0,2,0,0,82704,190837,3078119,120,1,0,1
0,0,1,0,0,62348,157193,3420702,120,0,1,0
0,0,2,0,0,263991,139852,3582959,120,1,1,1
1,1,1,1,0,489256,122479,1477268,120,1,1,1
0,0,0,0,0,229763,11441,461664,300,0,2,0
0,1,0,0,1,422032,169322,3800089,180,1,1,1
0,1,3,1,1,279465,26172,4012427,300,1,0,1
0,1,2,0,0,176527,178052,3547852,360,0,1,0
0,0,2,0,0,176967,184993,1513896,360,1,1,1
1,1,3,0,0,94827,5113,4847116,300,0,1,0
0,0,0,0,1,280504,150318,4965402,120,0,1,0
1,0,0,0,1,181828,63939,702223,360,0,2,0
1,0,2,0,0,53102,144398,1449958,300,1,2,1
0,0,0,0,0,166177,175101,996859,180,0,1,0
0,0,0,0,1,297245,17258,4027516,300,0,0,0
0,1,1,1,0,258481,118684,75864,240,1,0,1
1,0,3,1,1,131576,181575,4000006,240,0,1,0
1,1,3,1,0,233361,85111,479473,360,1,2,1
0,0,1,1,0,364450,37697,2134663,120,0,2,0
1,0,3,0,1,475378,181604,4133976,300,1,2,1
0,1,1,1,1,297255,113648,4722655,120,1,0,1
1,1,0,1,0,117905,187239,735927,180,0,0,0
1,1,0,1,1,391967,42389,2334508,240,0,0,0
0,0,1,0,0,121145,113447,705585,360,1,1,1
0,1,2,0,1,75899,153244,2757072,300,0,0,0
1,1,2,1,0,56047,23864,1775313,240,0,1,0
0,0,1,1,1,215493,34279,1816340,360,1,1,1
1,0,3,1,1,240191,81487,2293640,300,0,2,0
0,1,2,1,0,365442,178168,4907752,240,1,0,1
0,0,1,0,1,390712,19137,3804436,300,0,1,0
1,0,2,0,0,373282,68564,374285,300,1,1,1
1,1,3,1,1,363861,137883,200442,120,0,2,0
1,0,3,0,0,98744,166498,180342,180,0,0,0
1,1,2,0,1,27616,133640,2706528,120,0,1,0
0,1,0,1,1,292642,111953,114330,360,0,0,0
0,0,0,1,0,98179,144499,2005166,300,1,1,1
1,1,3,1,0,219590,179105,2588099,240,0,0,0
0,0,2,1,1,414752,139325,441316,120,1,1,1
1,1,2,0,0,120012,144905,2255275,120,0,0,0
1,1,0,0,1,406758,191472,557988,300,1,1,1
0,0,3,0,0,457833,184490,3599422,240,1,0,1
0,1,3,1,0,361999,22071,573325,300,0,0,0
0,1,1,0,1,188773,96364,3597601,180,0,1,0
0,0,3,1,0,376021,170896,1036158,240,0,1,0
1,0,2,1,0,41827,1986,877308,120,1,0,0
0,0,0,1,0,476501,77304,2500177,360,0,1,0
1,0,1,0,1,232668,15350,3750639,360,0,0,0
0,1,1,0,1,150977,105892,1082718,360,1,1,1
0,1,2,0,0,380603,33688,4122627,180,0,0,0
0,1,3,0,1,39265,42443,2606199,240,0,2,0
0,1,3,0,0,309857,40975,2243201,300,0,1,0
0,1,2,0,1,67991,130374,878353,120,1,2,1
0,1,0,1,0,39289,173764,4707005,120,0,0,0
0,0,3,0,0,49163,132752,4816190,180,0,1,0
0,1,2,0,0,83656,46448,1376395,120,0,1,0
1,0,1,0,0,202764,167001,4343351,180,0,0,0
0,0,2,1,0,262625,110982,601146,120,1,0,1
1,0,1,1,0,388641,100406,1300837,300,1,1,1
0,1,2,1,1,262320,179704,4895995,120,0,2,0
0,1,3,1,1,233513,33897,931533,180,0,0,0
1,1,2,1,1,308378,160264,3512800,120,0,2,0
0,0,3,0,0,204867,76312,4982343,180,0,0,0
1,0,0,1,1,226133,4341,320796,120,0,0,0
1,1,3,0,1,37335,6016,4106005,300,1,0,0
0,1,2,0,0,83535,197278,1022835,300,1,2,1
1,0,0,0,0,134848,4609,453827,180,1,1,1
0,0,2,1,1,457429,164865,3058525,240,1,0,1
0,0,0,1,1,465492,13555,867582,120,1,2,1
1,1,1,1,1,357609,117572,2663605,360,0,2,0
0,0,0,1,0,348382,11920,2756775,180,0,0,0
0,0,3,1,0,415977,175826,3179146,180,0,0,0
0,0,0,0,0,110383,179597,4334611,120,1,1,1
0,1,3,0,1,473977,32364,463134,240,1,0,1
1,0,3,1,0,140590,193067,4275624,360,0,2,0
0,1,3,0,0,267599,39290,578932,360,0,1,0
1,0,2,0,0,224532,170790,3157817,360,1,1,1
0,1,3,1,1,73347,106213,4042988,120,0,0,0
0,1,1,0,0,236308,131483,1172862,240,0,0,0
0,1,1,1,0,121934,118837,3251934,180,1,0,1
1,0,1,1,1,432362,142175,4038022,180,1,1,1
1,0,3,1,1,29049,9602,3849403,180,1,1,0
1,1,3,1,0,368804,132422,1211245,360,0,2,0
1,0,3,1,0,75762,98501,2283062,300,0,2,0
1,0,2,1,0,30834,101261,574732,120,1,0,1
0,1,0,0,0,391022,88460,2450762,300,0,0,0
1,1,3,0,1,34570,110245,1643083,240,0,1,0
0,0,0,1,0,107243,22755,4224154,180,1,2,0
1,1,1,1,0,66047,179391,4844664,300,0,0,0
1,0,0,1,0,248241,21266,3252289,120,1,2,1
1,1,0,1,0,425153,179291,1897313,120,0,2,0
1,0,0,1,0,306401,125545,1760343,300,1,0,1
0,1,0,0,1,314462,163818,657609,180,0,0,0
1,1,2,0,1,241875,117684,715677,120,0,0,0
1,1,2,0,0,442333,44386,327392,180,0,0,0
0,0,3,1,0,450270,102750,4171924,240,0,2,0
1,1,3,1,1,324295,82471,4348830,360,0,2,0
0,0,1,1,0,259145,57208,1728011,360,1,0,1
0,1,3,1,1,307216,45531,2197952,180,0,1,0
1,1,2,0,0,260031,95525,4884838,360,1,1,1
0,1,2,1,1,245288,101636,3304279,120,1,2,1
1,0,0,1,0,327965,112612,2962684,180,0,1,0
1,1,3,0,0,315994,56719,3837182,300,0,1,0
0,1,2,0,0,341119,155132,3573991,360,0,0,0
1,0,1,0,1,288441,99576,3232979,360,1,0,1
1,1,2,1,0,321063,185115,3252201,120,0,0,0
1,0,0,1,1,197665,122590,144048,180,1,1,1
0,1,1,0,1,478609,1998,1511421,300,1,0,1
1,0,1,1,0,276260,66513,1978388,360,1,2,1
0,0,2,1,1,218308,59113,4081282,180,0,0,0
0,0,3,1,1,46606,174943,3211190,120,0,2,0
0,1,3,0,0,396765,113324,450769,120,0,2,0
1,1,1,1,1,265894,129349,3150744,180,0,2,0
0,1,0,0,1,318361,63650,2295763,240,0,2,0
1,1,3,0,1,149157,85092,340909,300,1,1,1
0,0,1,0,0,114460,14523,4100596,180,1,0,0
1,0,0,1,0,132383,108501,2953205,300,0,0,0
1,1,2,1,1,201862,194434,4267019,120,1,2,1
1,0,1,0,1,35217,124978,3217845,120,0,1,0
0,0,2,1,1,152105,94891,2246490,120,0,2,0
0,0,3,1,0,53003,89755,3575987,240,0,0,0
0,1,1,1,0,227899,133383,1916096,180,1,1,1
0,1,1,0,1,441895,11421,1881694,180,0,0,0
1,0,1,0,1,467506,142169,1400493,300,0,0,0
0,0,2,0,0,104836,194010,239075,180,0,2,0
0,0,1,0,1,381916,145484,2804897,300,1,2,1
0,0,0,1,0,368544,64557,3993370,360,1,2,1
1,1,1,1,0,267014,175365,943786,360,1,0,1
1,0,1,0,0,209635,83373,3396660,360,0,2,0
0,0,3,1,0,94600,160091,2320514,120,1,2,1
0,1,1,1,0,162824,178086,1857879,240,0,0,0
0,0,0,0,0,294507,68029,4729802,240,1,0,1
0,0,3,1,0,390585,24271,899653,240,0,1,0
0,1,1,0,1,110357,82752,898704,300,0,0,0
1,0,3,0,0,139669,52464,3421718,300,0,2,0
1,1,0,0,0,323512,96923,1572980,360,1,2,1
1,1,0,0,1,497502,46056,3435488,240,0,1,0
1,1,1,0,1,426630,106960,3300590,240,1,2,1
0,1,3,1,1,280705,16983,2383197,300,0,2,0
0,0,0,0,0,301421,56682,3971607,120,1,0,1
1,0,1,0,0,81019,162788,2112737,300,1,0,1
0,0,1,0,1,99144,181923,3205849,240,0,1,0
1,0,2,0,1,318977,173110,3385600,300,1,1,1
1,0,3,0,0,211344,139806,3164146,180,1,1,1
0,1,3,0,0,417933,82891,2201973,120,1,1,1
0,0,0,1,1,331660,19215,4302858,360,1,1,1
1,1,2,1,1,352453,110565,4547020,180,0,0,0
0,0,2,0,1,92486,51524,2204703,120,0,1,0
0,1,3,1,1,493561,55803,4570110,180,0,1,0
0,1,0,1,1,416124,96252,4217465,300,0,1,0
1,0,1,0,0,297056,141453,3641691,240,0,1,0
1,1,2,1,0,196896,172491,2059737,180,0,2,0
0,0,3,1,0,439609,45765,2148343,360,0,0,0
1,1,2,1,1,188942,93454,2677821,120,1,0,1
0,0,3,1,1,372495,47359,104101,360,1,2,1
0,0,1,0,0,487590,141685,1872920,300,1,0,1
1,0,3,0,0,255634,75380,902052,240,0,1,0
0,1,2,1,1,497293,91396,1327601,180,1,1,1
1,0,2,1,1,477083,2288,3594654,240,0,2,0
1,0,2,0,0,220361,152009,2241238,240,0,0,0
1,0,2,1,0,368318,156452,1056254,120,0,2,0
0,0,0,0,0,358415,162964,4055975,180,1,1,1
1,0,3,1,1,408811,52375,4881669,180,1,2,1
1,1,1,0,1,57948,160966,2693241,360,1,2,1
1,0,0,1,1,162278,6151,3037451,120,0,2,0
1,0,0,1,0,342575,55232,4653686,240,0,2,0
1,0,3,0,0,172600,121022,4344905,180,1,2,1
0,1,2,1,1,357922,81341,1636530,240,1,2,1
0,1,1,1,1,206421,35976,4933014,240,1,2,0
1,0,0,0,0,323624,63603,2129199,300,0,1,0
1,0,3,0,0,386776,24643,2915898,240,0,1,0
1,0,1,1,0,369245,179296,4429150,120,0,2,0
0,1,0,0,0,267904,12821,3451837,360,1,0,1
0,1,3,0,0,173386,146220,1071959,300,0,2,0
1,0,0,0,1,259527,8448,4312071,180,0,1,0
0,1,2,1,1,152362,32949,4537197,300,0,1,0
1,0,1,0,1,489426,10377,157661,180,0,1,0
1,1,1,0,0,451904,101097,2141721,300,1,1,1
1,0,2,0,0,42121,46397,813514,120,1,0,1
1,1,2,0,1,472207,3843,4276625,180,1,2,1
1,1,0,0,1,51241,54550,615952,180,0,1,0
1,1,2,1,1,314519,51750,158010,240,0,0,0
0,1,2,0,1,29697,153126,2276677,300,0,1,0
0,1,3,0,1,97723,143588,1041177,360,1,0,1
1,1,3,0,0,174202,93816,3849804,180,0,0,0
1,0,1,0,1,346003,144082,585434,240,0,2,0
0,1,2,1,1,316748,28767,786109,240,1,1,1
0,1,0,0,1,467521,171832,2120310,240,1,1,1
1,1,2,0,1,289655,128632,2930986,120,1,0,1
0,1,1,1,0,476732,14859,3959167,240,0,0,0
0,0,3,0,0,442075,78041,791526,360,1,2,1
0,1,3,0,0,430467,81695,1078994,180,0,2,0
0,1,3,1,1,206191,176824,3441410,240,1,1,1
0,0,3,0,1,109297,183067,263217,300,1,2,1
0,0,3,1,0,54549,94850,4461777,180,1,1,0
0,0,3,0,0,58974,76127,4402382,180,1,2,0
1,0,3,0,1,394425,154485,2014744,300,0,0,0
1,1,2,1,0,210644,97186,2657660,120,0,0,0
1,1,0,0,0,39204,1140,3799237,120,0,2,0
1,0,0,1,1,115921,182980,3668964,300,1,2,1
1,1,1,0,1,160675,3351,1574933,300,0,0,0
0,0,2,1,0,398428,177060,2093633,360,0,0,0
0,0,0,0,0,131917,118020,2269335,120,0,0,0
0,0,0,0,1,431963,112961,3758552,300,0,1,0
1,1,3,1,1,305296,113964,2650009,300,0,1,0
0,1,0,0,1,163649,85421,493894,300,0,0,0
0,1,1,0,0,292541,41849,784316,180,0,2,0
1,0,0,1,0,366945,29383,2165563,180,0,0,0
0,0,1,1,0,434685,132357,3974727,120,1,1,1
0,1,0,1,1,329271,144458,1461645,180,1,1,1
1,1,2,1,0,294559,22294,4668829,240,0,2,0
0,1,0,1,0,432012,197324,2294588,240,0,0,0
1,1,3,0,0,456796,190064,2913535,300,1,0,1
0,1,3,1,1,387053,28597,3231654,360,1,1,1
0,1,3,0,0,118878,63889,1026947,180,1,2,1
0,1,0,1,0,207799,58962,3637789,180,0,1,0
1,1,2,0,0,443633,142095,3496044,360,1,2,1
1,1,1,1,1,124031,109742,302405,180,1,1,1
0,1,3,1,0,449951,58947,936464,240,0,2,0
0,1,0,1,0,458601,194196,941764,120,1,1,1
0,1,3,1,1,441452,197918,4583825,240,0,2,0
0,1,1,0,1,244057,193028,2301636,300,1,0,1
0,1,2,0,0,342122,17831,330396,180,1,0,1
0,1,3,1,0,51700,71022,347348,360,0,1,0
1,0,3,0,0,99169,49335,4166110,120,1,2,0
0,0,2,1,0,298529,110329,2630269,120,1,2,1
0,0,0,0,0,280562,136149,82229,240,1,2,1
0,1,0,1,1,313585,13354,127185,360,0,0,0
1,1,2,1,0,146946,150708,1316840,360,1,1,1
1,0,0,1,0,340699,120364,2346344,120,0,2,0
1,0,1,0,0,66887,125604,1158892,300,0,0,0
1,1,0,0,0,22731,68051,3971575,300,0,0,0
1,1,1,0,0,47587,194133,3606869,240,1,2,1
0,1,2,0,0,411958,115161,4319426,240,0,2,0
1,0,0,0,0,206268,4123,368119,120,1,1,1
1,0,3,1,1,79919,47120,438100,300,0,0,0
0,1,1,1,1,356212,99993,1916292,240,0,1,0
1,1,3,0,1,458167,165236,2521649,300,1,1,1
0,1,1,0,0,99020,148345,3554190,360,0,2,0
0,1,3,1,1,229683,169732,3929426,120,0,1,0
1,0,1,0,0,153651,48886,1786829,120,1,0,1
0,1,0,1,1,190787,27010,4201306,180,0,1,0
1,1,0,1,1,371547,162219,3148353,180,0,1,0
1,0,2,0,1,154366,135952,3613981,180,0,0,0
1,0,2,1,1,319351,133501,2567043,180,1,2,1
0,1,3,0,1,358355,180969,3391044,180,1,1,1
1,0,0,1,1,462245,95153,4353237,300,0,1,0
0,0,2,1,1,286683,34071,1349251,240,1,1,1
0,0,3,1,0,472027,164112,4097706,360,0,0,0
1,1,0,1,0,306097,134116,480200,180,0,2,0
0,1,0,1,1,85544,137900,1263745,360,0,2,0
1,0,1,1,0,221476,97187,932851,300,1,0,1
1,1,0,1,1,463113,127568,2541405,240,1,2,1
1,1,2,0,1,34448,95225,2185999,180,1,1,1
1,0,1,1,1,363983,195766,3056401,240,0,1,0
1,1,3,1,0,81188,11436,807815,300,0,1,0
0,1,3,1,0,79023,152716,1526440,300,1,2,1
0,1,3,1,0,495782,52201,935183,240,0,1,0
1,0,1,0,0,430609,86106,4391624,360,0,0,0
1,0,1,0,0,161129,18779,3936015,360,1,0,0
0,1,1,1,1,404671,109744,3696650,300,1,0,1
0,0,1,1,1,189583,110242,3930072,240,0,1,0
0,0,0,1,1,417191,177903,1412694,300,0,2,0
0,1,2,1,1,457657,50119,1740092,180,0,2,0
1,1,1,0,1,55822,4585,3427157,180,1,0,0
1,0,3,1,0,302546,21815,4016646,120,0,0,0
1,1,1,1,1,486248,38386,2858640,300,0,2,0
0,1,2,0,1,232540,14954,3667816,300,1,0,1
0,0,1,0,1,360518,19552,2492185,240,0,1,0
0,1,1,1,1,405403,94732,3375260,300,1,0,1
1,0,0,1,0,58207,144278,1500338,360,1,1,1
0,1,1,0,0,283084,176364,2721532,240,0,0,0
0,1,0,1,1,467243,173753,3120954,360,0,2,0
1,0,1,1,1,429105,126349,2924278,300,0,0,0
1,1,2,1,0,471017,79260,450091,180,0,0,0
0,0,3,0,0,343752,167509,2318698,180,1,2,1
0,0,2,1,1,154676,103359,1230015,240,0,2,0
1,0,2,0,1,238167,10462,4664551,240,1,1,1
0,1,1,0,0,335420,91540,4027173,180,1,2,1
1,1,3,1,1,438995,107769,3223225,120,1,1,1
0,1,3,1,1,380138,162299,3353758,120,0,1,0
0,0,0,1,1,113447,197980,4666332,120,0,2,0
1,1,0,0,1,222443,44155,3499014,240,1,2,1
0,0,3,1,1,364084,72153,610732,240,1,0,1
1,0,1,1,0,92989,120088,2772641,300,1,1,1
0,0,1,0,1,251710,27596,854132,180,0,2,0
1,0,0,1,1,250061,30627,4505083,300,1,1,1
1,1,0,0,0,140862,156494,918579,120,0,1,0
1,0,1,0,1,135898,145059,1140441,300,0,0,0
1,1,2,1,0,223552,76386,373031,360,0,1,0
1,0,3,0,1,370516,43818,713536,300,1,1,1
1,1,2,0,0,393980,52748,3622578,300,0,1,0
0,0,2,0,0,499263,112311,3792762,180,1,2,1
1,1,2,1,1,369684,142947,3108496,240,1,1,1
1,0,0,0,1,382075,12900,4145458,300,0,0,0
0,0,0,0,1,38901,57165,587106,360,1,0,1
0,0,0,0,0,205458,29542,4588024,360,0,1,0
1,0,1,1,1,259948,93824,4375145,360,0,2,0
1,0,3,0,0,280197,125291,3901631,240,0,0,0
1,1,3,0,1,28748,7398,2165031,300,0,2,0
1,0,3,1,1,244789,182697,60391,300,0,0,0
0,1,2,1,0,301262,38969,1127521,300,0,1,0
1,1,1,0,1,437443,171801,2623840,180,0,0,0
0,1,0,0,0,98903,117090,1491649,300,1,1,1
1,0,0,0,1,491938,35772,4636974,180,1,0,1
0,1,0,0,1,21671,32868,3826635,240,1,1,0
0,0,0,1,1,332405,12787,1207816,360,1,0,1
1,0,1,1,1,199985,129151,54216,300,1,2,1
0,0,1,0,0,487675,118581,2810291,300,0,0,0
1,0,0,1,1,81897,149259,2739573,180,1,0,1
0,0,1,0,0,379060,41472,2803397,300,1,0,1
1,1,2,0,0,429414,178183,1837101,180,1,1,1
0,1,0,0,0,200464,157371,4608688,360,0,2,0
0,0,0,1,0,291287,196313,4153910,180,0,2,0
0,0,2,1,0,246749,104725,2772473,180,1,0,1
0,1,1,0,1,161497,196557,4603279,360,0,0,0
0,1,2,0,1,217003,47526,2755961,120,1,1,1
1,1,0,0,0,327403,70629,4297631,240,0,2,0
1,1,2,1,1,177371,152640,3608837,360,1,1,1
0,0,2,0,1,106533,115595,3924205,360,0,2,0
0,0,2,1,1,251366,49227,2708530,360,0,2,0
0,1,1,0,1,52321,49305,3171629,120,1,2,0
0,1,0,0,1,324108,145215,3123412,120,0,0,0
1,0,2,0,1,331490,42492,463803,300,0,2,0
0,0,1,0,0,312985,99544,4152762,300,0,1,0
1,1,3,1,1,312920,32423,4077781,240,0,2,0
0,0,0,1,1,449261,130623,3045303,180,0,1,0
1,1,2,0,0,468266,105118,1405620,300,0,2,0
0,0,3,1,1,238634,181037,1618721,180,0,0,0
1,1,2,0,1,306027,177323,2123226,300,1,0,1
1,0,0,0,0,91920,149279,1789998,240,0,1,0
1,1,3,0,0,293094,148639,3139212,120,0,0,0
1,1,3,1,1,418744,117438,2796248,300,1,0,1
1,1,3,0,0,242005,108829,3756271,120,1,2,1
0,0,3,1,1,109367,134726,4569202,120,1,1,1
1,0,3,0,1,235176,81366,3607888,240,1,0,1
0,1,1,0,0,468636,198112,3938643,180,1,1,1
0,0,3,0,1,478087,185034,1637962,300,0,0,0
0,0,0,1,0,192981,26535,2985155,360,1,0,1
0,1,1,1,1,441892,18758,301093,360,0,1,0
1,0,0,1,1,87656,159916,291944,120,1,2,1
0,1,0,0,1,102555,5264,4463454,300,0,1,0
1,0,0,1,1,403206,3529,3098999,120,1,0,1
0,0,3,0,0,400306,63045,1944502,360,1,0,1
1,0,2,1,1,327255,149883,1131831,120,1,0,1
0,0,0,1,1,161942,66954,4392485,180,0,0,0
1,0,0,0,0,377178,9633,1938182,360,0,0,0
1,1,3,0,1,122411,138047,694872,180,0,1,0
1,0,1,0,0,342023,192210,1564533,360,0,2,0
1,0,0,0,0,180498,75622,1739714,240,0,2,0
0,0,3,0,0,334094,39120,3260703,300,0,1,0
1,0,2,0,0,472907,132778,795807,120,0,2,0
0,1,0,0,0,51403,183800,3902657,180,0,0,0
0,0,1,1,0,321688,56276,4494643,120,0,0,0
1,0,3,0,0,62609,64721,803468,360,0,1,0
1,0,3,0,1,160736,193730,4574724,300,0,2,0
1,1,1,1,1,412440,99901,4286710,120,0,2,0
1,1,2,0,0,231872,10733,855473,180,1,0,1
1,1,2,0,1,36742,20207,2702663,240,0,0,0
1,0,0,1,0,31152,66857,2759246,240,1,1,0
0,0,3,0,1,412575,83218,2714018,240,0,2,0
1,1,3,1,1,352031,43734,4755327,120,0,1,0
0,1,2,1,1,485348,580,1879532,120,1,2,1
0,1,1,0,0,348967,62983,2470590,240,1,0,1
1,1,0,1,0,321035,183259,3511827,240,0,2,0
0,0,3,1,0,372811,9215,2540014,180,0,0,0
1,1,3,0,0,222764,88554,4627431,120,0,2,0
0,0,1,1,1,348339,55304,2795406,360,1,1,1
1,1,1,0,0,72387,170953,1335272,180,0,0,0
0,0,3,1,0,241577,42710,3753888,180,1,1,1
0,1,3,0,1,313713,65675,1393199,180,1,0,1
1,1,2,0,0,452445,52965,3252681,240,1,2,1
1,1,1,0,1,277953,146941,4021338,240,1,2,1
0,0,0,0,0,248282,89488,90468,300,0,2,0
0,1,1,0,0,284479,168003,2331569,360,1,2,1
1,0,2,1,0,458102,79730,2122252,120,1,2,1
0,1,1,0,1,342651,50043,147762,360,0,1,0
0,1,2,1,0,178337,155050,2980840,300,1,0,1
1,0,3,1,0,80305,182953,2196619,360,0,1,0
1,0,1,0,0,106700,111782,789397,240,1,1,1
1,0,2,1,0,143202,198837,690304,300,1,1,1
0,1,3,0,1,277955,96655,4701917,360,0,0,0
1,0,2,0,1,22449,14108,1411067,240,1,0,0
1,1,3,0,1,381872,19515,3071033,300,1,2,1
0,0,3,1,0,140509,6758,522594,300,0,2,0
1,0,1,0,0,372358,3827,1605778,120,1,1,1
0,1,0,1,1,303232,167051,1185991,240,0,0,0
1,0,3,1,1,189271,1988,969791,240,1,1,1
1,1,0,0,0,281186,24044,2748519,240,0,0,0
0,1,2,0,0,48752,106014,2716393,120,0,1,0
1,1,2,0,0,382241,106673,1738325,240,0,0,0
0,0,3,1,1,37140,176190,4014802,360,0,1,0
1,0,3,0,1,161094,64147,2811238,300,0,1,0
0,1,0,0,0,425938,113367,4918437,240,0,1,0
0,0,1,0,0,334835,30229,4076061,360,0,0,0
1,1,1,0,0,355693,38546,2479214,240,0,2,0
0,0,0,0,1,328306,32408,2470864,120,0,1,0
1,1,1,0,0,366164,55670,4596599,240,0,1,0
1,0,2,0,1,214640,140064,3542317,240,1,0,1
0,0,0,1,1,448815,150659,1343960,360,1,2,1
0,0,1,1,1,89817,109960,3704321,240,0,0,0
0,1,1,1,0,222076,42849,4665292,300,0,2,0
0,0,2,0,1,275178,142322,940776,240,1,2,1
0,1,0,1,1,201983,5146,4683669,120,1,2,0
1,1,3,0,0,56366,189197,700401,120,0,0,0
0,1,2,0,1,111248,10945,586140,180,1,1,1
1,1,3,0,1,68691,168723,4080675,360,1,2,1
1,0,1,0,1,86674,164282,3410749,120,1,2,1
1,0,3,1,1,198661,186518,4628392,240,1,2,1
0,1,2,0,0,71984,133569,2654221,240,1,1,1
0,0,2,1,1,54719,153539,1480403,360,1,2,1
0,1,3,1,0,230880,9520,594183,240,0,0,0
1,1,1,1,0,319481,76708,2302050,120,0,0,0
0,0,0,0,0,482921,115921,3419289,180,0,0,0
0,0,3,1,1,308063,10825,1199120,180,1,2,1
0,0,0,1,0,90970,82161,961338,300,1,1,1
1,1,2,0,1,119801,7771,3549729,180,1,1,0
1,1,1,1,0,476512,13318,3599158,120,0,0,0
1,1,3,0,1,335687,58843,4479831,120,1,0,1
0,1,0,1,1,32434,1790,3914761,300,0,2,0
1,1,1,0,0,410918,40888,3650206,120,0,2,0
0,1,0,1,1,411120,117302,2362500,360,0,0,0
0,0,0,0,1,323650,122688,945888,300,1,2,1
1,0,2,0,0,190811,4689,2002922,240,1,2,1
0,0,1,0,1,437378,110021,4812448,300,1,1,1
0,0,2,1,1,429704,132345,1384975,360,0,1,0
1,1,1,0,0,159600,189520,2191126,120,0,1,0
0,0,1,0,1,185752,184248,3680605,360,0,0,0
0,0,2,1,0,171033,70606,3231884,300,0,0,0
1,1,0,0,0,185966,54520,4617606,360,1,0,1
1,0,0,0,0,405338,191866,3515798,180,1,1,1
1,0,3,1,1,307821,181067,3144690,360,1,1,1
1,0,0,1,0,48953,160715,2199826,180,1,2,1
0,1,3,0,0,368401,57410,3299052,180,0,2,0
1,1,3,1,1,198077,141461,858571,360,1,2,1
1,0,2,1,1,198192,145386,4533632,180,0,1,0
0,0,2,0,1,471385,196699,3054360,300,1,1,1
0,0,1,0,1,197646,2957,3880708,120,1,0,1
0,0,2,1,1,312511,88396,2468039,360,1,1,1
0,0,0,0,1,116066,71943,1268100,240,1,0,1
1,1,3,0,1,197222,27016,1957133,180,1,2,1
0,0,3,0,1,186220,127783,1313285,240,0,0,0
0,1,0,0,1,403455,15902,1496301,240,0,2,0
0,0,2,1,1,35927,86441,912384,360,1,1,1
1,1,1,0,0,96969,194294,3517033,180,0,2,0
1,1,0,0,1,493967,153083,3370685,180,0,1,0
1,0,1,1,0,110714,143236,57435,240,0,2,0
1,1,2,0,1,313197,152028,3055605,180,0,1,0
1,0,3,0,1,199712,59241,3456761,360,1,1,1
1,1,3,1,0,334181,29973,843787,300,1,0,1
0,0,2,0,1,468376,126603,4002427,120,1,1,1
1,1,3,1,0,239894,167712,642318,120,0,2,0
1,1,2,0,1,476850,81239,2286341,180,0,0,0
0,1,2,1,1,491595,192225,1874967,240,0,2,0
0,1,1,0,0,71059,173415,2558954,360,0,2,0
1,1,1,0,0,350409,122155,3496121,300,0,2,0
0,1,1,1,0,376710,107397,2402374,300,1,0,1
1,0,0,0,0,167330,128769,2621813,240,0,0,0
1,0,0,1,1,154544,73997,526398,360,1,1,1
0,1,0,1,1,445079,86866,125155,180,0,2,0
0,1,3,0,0,380711,86323,3202611,300,1,2,1
0,0,1,1,0,206078,57626,1019484,300,1,2,1
0,0,0,0,0,148087,47588,3703063,300,0,2,0
1,1,2,1,1,66647,178302,935911,120,0,0,0
0,1,1,0,0,366934,128356,3481624,300,0,1,0
1,1,2,0,1,370253,84539,1647127,240,1,0,1
1,0,3,1,1,317826,77485,4112248,240,1,1,1
0,1,2,0,1,99677,189816,1732044,360,1,0,1
0,0,1,0,1,128331,144004,4820110,240,1,0,1
1,0,2,1,0,27877,87883,4316602,300,1,0,0
0,1,2,1,0,277955,60667,1994549,180,0,0,0
1,0,0,0,0,50389,94487,2772478,180,0,0,0
1,1,3,1,0,252769,77699,1005096,360,1,2,1
1,0,3,0,0,49333,99453,1050753,360,0,2,0
1,1,3,1,0,224436,48395,347788,360,0,2,0
1,1,0,0,1,37605,19015,1752865,120,1,1,0
1,1,1,0,0,222774,105367,520594,240,0,2,0
0,0,2,0,0,48505,22934,4737665,240,1,2,0
0,1,1,1,0,211704,53870,3926851,300,1,0,1
1,1,2,0,0,130268,16305,3633560,240,0,0,0
1,1,2,1,0,430203,95357,2160464,360,0,2,0
1,1,3,0,0,412919,149388,4026099,360,0,0,0
1,1,2,1,0,268762,76917,853630,300,0,2,0
0,0,1,0,1,283260,79487,3328087,360,0,2,0
0,1,3,1,0,226703,112104,4959483,240,1,2,1
0,0,1,1,1,46692,8087,3324863,240,0,2,0
1,0,1,0,1,258481,85000,3736396,300,0,2,0
1,1,0,0,0,351913,173513,3010553,180,1,2,1
1,1,3,1,0,467251,29858,2131697,360,0,0,0
0,1,2,0,1,26115,135500,2086994,240,0,0,0
0,1,1,0,1,303536,75224,2959472,180,0,2,0
0,1,0,0,1,49696,130493,3680069,240,1,2,0
1,0,0,1,0,274658,176535,2500151,360,1,1,1
1,1,3,0,1,224542,127911,4024069,360,1,2,1
0,0,0,0,0,162125,8435,163434,240,0,2,0
0,1,0,0,1,486688,5500,505117,240,1,0,1
1,1,3,1,0,179285,126509,3060724,360,0,2,0
0,0,2,1,0,188872,92479,2158201,120,0,2,0
0,1,2,0,0,380867,174100,3062725,360,1,0,1
0,0,1,0,1,328313,101591,2042755,360,0,0,0
0,0,0,0,0,315122,154847,1672706,120,1,1,1
0,1,0,0,0,175579,28640,3636088,180,0,0,0
0,1,1,1,0,231269,198268,2577698,240,0,1,0
0,1,3,0,0,401630,31160,2334433,300,1,1,1
0,1,2,0,0,111209,51,1883418,240,1,1,1
0,1,0,1,0,335119,47222,2712184,240,1,1,1
0,1,3,0,1,182927,100036,2786164,120,1,0,1
0,0,0,1,0,460741,98019,1827585,180,0,0,0
0,1,2,0,1,176135,149030,2511116,300,0,2,0
1,0,2,0,0,115916,79777,4194396,360,0,1,0
0,1,1,0,0,374799,30105,2315342,180,0,0,0
1,0,2,0,0,250737,43660,3623651,240,0,0,0
1,1,2,1,0,437432,129970,3206928,180,0,1,0
1,0,3,0,0,490012,524,281053,300,1,1,1
1,0,3,1,0,408786,156376,608619,180,0,0,0
0,0,0,0,1,442186,161138,4156792,180,1,2,1
0,1,2,1,1,479547,94262,4244420,240,1,2,1
0,0,0,0,1,44919,47404,1463077,300,1,1,1
0,0,0,1,0,484309,65744,451756,120,0,1,0
0,0,3,1,0,287531,168912,2512565,120,0,0,0
1,1,1,1,0,184272,12054,2075865,240,1,0,1
0,0,2,0,0,236717,32280,184986,360,1,2,1
1,0,0,1,0,32889,41014,3807249,180,0,0,0
0,1,3,0,0,227567,155822,821729,300,0,1,0
0,1,1,0,0,81357,111809,2459098,300,0,2,0
1,0,1,0,0,96426,173885,2718701,360,0,1,0
1,0,0,0,0,441997,33573,3626291,180,0,1,0
1,0,0,1,0,118410,26856,4627950,120,0,2,0
1,0,3,1,1,343443,121183,2790574,120,1,1,1
1,0,0,1,0,104587,109407,4980185,300,1,2,0
1,0,2,1,0,32678,133966,2458928,120,0,0,0
1,0,1,1,0,429384,39179,2313374,300,0,2,0
0,0,1,0,1,196027,88296,3481532,240,0,0,0
1,1,0,0,0,485267,152252,4916352,120,0,0,0
0,1,1,1,1,214680,36989,3040381,300,0,0,0
1,1,1,0,0,39168,190445,1126718,360,0,0,0
1,0,0,1,1,139082,84484,4136151,180,1,1,1
1,1,3,1,1,337902,71874,1349968,120,1,1,1
0,1,1,0,0,360237,182629,2640215,120,1,0,1
0,0,0,1,0,196376,35866,4159278,300,1,1,1
1,0,3,0,1,248175,86064,1356753,180,0,0,0
0,0,3,0,0,389894,32943,110743,240,1,1,1
0,1,3,1,1,31051,189705,4769426,120,0,2,0
0,1,0,0,0,457145,34859,1843565,300,0,0,0
0,0,3,1,1,222048,130166,2682777,360,0,0,0
0,0,3,1,1,116650,33814,4361137,120,0,2,0
0,0,0,1,0,428533,89267,2099694,240,0,2,0
0,0,3,0,0,113516,103853,4284764,120,0,1,0
1,0,0,0,0,51284,137241,1855378,300,0,0,0
0,0,2,1,1,356006,164669,4192674,300,1,2,1
0,1,3,1,1,282377,11771,1748802,300,1,0,1
0,0,3,0,1,346010,105123,1448542,180,0,0,0
1,0,3,0,0,419040,19476,3880584,360,0,2,0
1,1,2,0,1,361077,30248,432773,240,0,2,0
0,1,1,0,1,240941,85911,423292,180,1,2,1
0,1,3,1,1,336881,37967,1292328,300,1,0,1
0,0,3,0,1,84787,128024,978013,240,1,0,1
1,0,1,0,0,315525,22762,785841,360,0,2,0
0,0,0,1,0,497572,187475,4437011,360,1,1,1
0,1,1,0,0,148536,67040,4689642,240,0,0,0
1,1,1,0,1,369650,63386,3400856,360,1,1,1
0,1,3,0,1,299000,163889,4330903,240,0,2,0
0,1,3,0,1,113729,24882,4277328,120,1,0,0
1,1,3,1,1,64384,6115,2896839,240,1,2,0
0,0,0,0,0,178585,36956,3978155,300,1,0,1
1,0,1,0,1,461999,168190,422086,120,0,2,0
1,0,2,1,0,37548,128853,3147976,180,1,0,1
1,0,3,0,0,157249,145422,1985666,360,1,1,1
1,0,0,1,0,486801,130360,1800727,120,0,2,0
1,1,0,0,0,69531,73182,671866,300,0,2,0
0,1,0,1,1,268317,80501,1546944,300,0,1,0
1,0,2,1,0,360343,77477,947406,120,1,0,1
0,0,0,1,0,205810,187876,963730,240,0,1,0
1,0,3,1,1,332678,90960,3587566,300,1,1,1
1,1,3,0,0,451188,111035,4356569,300,1,0,1
0,0,1,1,0,182983,40993,3410026,120,1,0,1
1,0,3,1,1,68705,15988,549048,360,1,1,1
1,1,0,0,0,484130,128629,3180806,360,1,2,1
0,1,3,1,0,175658,9430,267182,120,1,1,1
1,0,2,1,1,157175,10415,4277532,240,1,0,0
1,0,1,0,0,174714,162613,2744260,360,1,0,1
0,0,2,0,0,330638,86222,1669135,180,0,0,0
0,1,0,0,0,391065,184748,4123073,240,0,2,0
0,1,1,0,0,451263,895,2495276,120,1,0,1
0,1,0,1,1,241409,56758,3385800,240,0,0,0
1,0,1,1,1,199094,136484,4932537,120,0,0,0
1,0,1,0,0,162331,73495,3252490,120,0,1,0
1,0,1,1,0,490300,197087,4952158,180,0,0,0
0,1,0,0,0,442464,5536,4411040,180,1,0,1
1,1,0,0,0,212352,145466,1589393,240,1,1,1
1,0,1,0,1,456983,58630,1428376,360,1,1,1
1,0,1,1,1,47888,16275,857767,300,0,1,0
1,1,3,0,0,43748,109908,2107352,120,1,2,1
1,1,3,1,1,480694,86924,578636,120,1,2,1
0,0,1,1,0,113141,38352,2254963,180,0,0,0
1,0,3,0,0,42547,187148,1477517,180,1,1,1
1,0,2,1,0,21648,73601,1839207,240,0,2,0
0,1,3,1,1,71905,138304,3017586,360,0,2,0
1,0,0,1,0,432194,176222,3427422,120,1,1,1
1,0,0,1,0,119620,34463,550730,120,0,1,0
0,0,1,1,0,235996,69509,1547750,120,1,2,1
0,0,1,1,0,242165,31723,3249901,180,1,1,1
1,0,3,1,1,80871,66172,3447971,360,1,0,0
1,0,1,1,0,431965,135572,3201674,180,1,2,1
1,0,1,1,0,476264,70311,3174404,360,0,0,0
0,1,0,0,0,132698,135861,3382849,300,1,0,1
0,0,2,1,1,143664,32357,2133386,360,0,0,0
1,1,0,1,0,281144,117724,3029849,240,0,2,0
0,0,3,0,1,374731,13645,3862923,240,1,1,1
1,1,0,0,0,136308,143086,266520,180,0,2,0
1,0,0,1,1,142915,72225,454211,180,1,2,1
0,0,2,0,0,352323,147928,3853195,360,0,0,0
1,1,1,0,0,430028,131806,3206177,300,0,1,0
0,0,1,0,0,58501,3019,2820006,180,1,2,0
0,0,3,1,1,159562,58596,1364588,120,1,1,1
1,0,0,0,0,292586,131680,4982246,300,1,0,1
1,1,2,0,0,137075,109391,1191038,120,0,1,0
1,0,3,0,1,421881,94649,4342911,300,1,1,1
1,1,1,0,1,306684,147192,301121,300,0,0,0
0,0,0,1,0,159942,127903,308242,360,1,2,1
1,1,2,1,1,94991,14819,3405614,240,1,0,0
1,1,1,1,0,318141,20208,4644121,120,0,1,0
1,0,3,0,1,262458,32203,2961129,300,1,1,1
1,0,3,0,0,317216,190884,1302459,240,0,0,0
0,1,0,0,0,300342,194737,1170872,300,0,2,0
1,1,3,1,1,209227,155858,4990717,240,1,0,1
0,1,0,1,0,36875,113980,4973652,360,0,1,0
0,1,1,1,0,246652,85479,3252833,300,0,1,0
0,1,0,0,0,386325,63811,3179822,240,0,0,0
0,1,3,1,1,110223,114370,4167969,360,0,1,0
0,0,2,1,0,27879,66419,3026743,120,0,2,0
0,1,2,0,0,332548,107965,4862454,360,1,0,1
1,0,1,1,1,207912,72395,2044151,300,0,1,0
1,0,2,1,1,440628,114007,1785015,360,0,2,0
1,0,2,0,0,359571,182291,4609350,240,1,2,1
0,0,0,0,1,154969,49702,901545,180,0,2,0
0,1,1,1,0,101484,165357,4189709,240,0,2,0
0,1,3,1,0,300764,181478,3731816,300,1,2,1
0,0,0,1,0,374199,130682,4073871,180,1,1,1
0,0,0,0,1,349869,34562,3746845,360,0,1,0
0,1,0,0,0,247475,36324,2610989,240,1,2,1
1,1,0,0,1,177090,27343,213602,300,1,1,1
1,0,1,1,0,118507,189836,2082906,360,0,1,0
1,1,3,0,1,438401,162086,4727211,300,1,1,1
0,1,3,0,1,374661,186128,2468371,180,1,2,1
1,1,2,1,1,412203,53461,3745700,180,0,0,0
1,1,0,0,1,215730,158765,4522906,180,1,2,1
0,1,1,1,1,426364,71162,551116,240,1,2,1
0,0,2,1,1,51581,177602,3107062,360,1,1,1
1,0,1,1,1,398726,183158,2097967,360,1,1,1
0,0,1,0,1,109723,101608,4999616,180,0,2,0
0,1,3,0,0,382646,141674,543331,300,1,2,1
0,1,1,0,0,408968,152716,4852119,120,0,0,0
0,1,2,0,0,219435,33431,2165979,120,1,2,1
1,1,0,1,0,97653,145848,930565,300,0,1,0
0,0,1,0,1,172084,74611,3673917,180,1,0,1
0,0,1,1,1,255851,1431,3666171,360,1,2,1
1,1,1,0,1,470589,44429,3285032,300,0,1,0
0,1,0,0,0,75860,184427,1845125,360,0,0,0
1,1,0,0,0,126898,179950,3591813,120,1,2,1
0,0,1,1,0,292845,53204,2008623,180,1,1,1
1,1,3,1,1,36714,28375,1823532,360,0,1,0
0,1,0,1,0,370321,5263,944684,120,1,0,1
0,1,2,1,1,416050,120532,1742287,300,1,1,1
1,0,1,1,0,229252,166745,2728697,240,1,1,1
1,1,3,1,1,48754,165747,349272,120,0,0,0
1,1,1,1,1,152762,194983,2374157,360,0,2,0
0,1,2,1,0,267194,52967,3072281,360,1,0,1
0,1,3,1,1,280435,60361,4725866,360,1,2,1
0,1,3,0,1,384710,16485,3576588,240,0,2,0
0,0,2,0,0,344422,164266,81346,180,0,1,0
0,1,2,0,0,270418,69333,3330560,360,0,2,0
1,1,3,0,0,47496,6924,2666375,120,1,2,0
0,1,3,0,0,447239,3672,3824843,300,0,1,0
0,1,0,1,1,109674,12086,774495,300,1,0,1
0,1,2,0,0,179236,120393,1601960,360,1,1,1
1,0,0,0,1,216023,157054,4338269,300,1,0,1
1,1,3,0,0,423362,67154,2157635,360,1,0,1
1,1,0,0,1,209532,35830,3220475,180,1,1,1
1,1,2,0,1,251209,128135,4563550,120,1,2,1
1,0,2,1,0,169285,41923,2101997,240,0,2,0
0,0,0,0,0,439742,19931,1157536,240,0,2,0
0,0,0,1,0,415184,79236,200607,180,1,1,1
1,1,2,0,1,212496,87321,3744166,120,1,1,1
0,0,2,1,1,205337,18492,1116134,180,0,2,0
0,0,1,0,0,114601,144903,940179,300,1,1,1
0,0,1,0,1,45716,58826,3214596,360,0,1,0
1,1,2,1,0,476371,78935,2546418,240,0,0,0
1,1,3,1,1,499056,98300,3066998,120,1,1,1
1,1,2,0,1,113960,36165,4179991,240,1,1,0
1,0,2,1,0,444289,2824,3510252,360,1,2,1
1,1,1,0,1,459811,97208,3539563,240,0,1,0
1,1,0,1,0,466672,107036,3293319,300,1,2,1
1,0,2,1,1,336147,63719,1628921,120,1,1,1
0,1,1,1,1,236289,33132,574601,360,0,2,0
1,1,2,0,1,72960,46405,4809272,180,1,2,0
1,0,0,0,0,28691,32012,3184923,180,0,2,0
0,0,1,1,1,358651,4262,2720722,240,1,0,1
0,0,3,0,0,482040,43609,560167,240,0,0,0
1,1,0,1,0,243207,155545,2739032,240,1,0,1
1,0,1,0,1,176864,169975,2541358,240,0,0,0
0,0,0,0,1,286617,160874,1847488,360,1,0,1
0,1,2,1,0,410770,103572,1872192,240,1,1,1
0,0,1,1,0,225922,102647,795526,180,1,2,1
0,1,2,0,1,307062,183696,1925190,180,0,0,0
0,1,3,1,0,222135,102472,2923706,240,0,0,0
1,0,1,1,1,306970,127695,4714119,120,0,2,0
1,1,2,1,1,105845,144214,972703,360,0,0,0
0,1,3,1,1,160726,186357,2952771,180,0,1,0
1,1,0,0,1,262875,192433,3098251,240,0,0,0
1,0,3,1,0,328779,185474,4357432,300,1,2,1
0,0,3,0,1,137150,136311,1091756,180,1,2,1
1,1,1,0,0,478461,23141,1889261,360,1,1,1
0,0,1,1,1,368871,178748,447857,120,0,2,0
1,0,0,0,1,445347,192712,4609831,120,0,0,0
1,0,0,0,0,336848,29100,4453615,120,1,1,1
1,1,0,0,1,108299,149565,3302131,180,0,2,0
1,0,1,0,0,135469,192060,2280650,180,1,0,1
0,1,1,0,1,385150,14817,4942013,180,0,1,0
1,0,0,1,1,48447,166824,4291171,120,0,1,0
0,1,0,1,0,241476,111935,990791,180,0,0,0
1,1,3,0,1,332781,150148,2975292,180,1,1,1
1,1,1,0,0,448126,148091,3085866,180,0,2,0
1,0,1,0,0,52370,154732,4569943,360,1,0,0
0,1,1,1,1,377794,135353,1949831,300,0,1,0
0,0,0,1,1,169421,183267,1070606,360,0,0,0
0,1,2,1,0,174501,66452,313380,360,0,2,0
0,0,1,1,1,225327,3597,3058697,120,0,2,0
1,0,3,0,0,166492,180214,3678458,360,1,0,1
1,1,0,1,1,78721,81243,2453041,120,1,2,1
0,1,0,0,0,468860,13720,2884673,300,1,2,1
0,0,3,1,1,72585,6568,2472402,360,1,1,0
1,0,1,1,0,193922,81981,1432727,300,1,1,1
1,1,2,1,0,113609,187880,3141862,180,1,1,1
0,0,3,1,0,420705,95881,2193562,360,1,1,1
1,1,2,1,0,429164,44570,2522531,120,0,1,0
0,1,0,0,1,484634,135666,4705550,120,1,0,1
1,1,3,0,0,437803,85238,1661540,240,0,1,0
1,0,2,1,1,486368,191791,3968578,240,1,2,1
1,0,2,0,0,497698,172648,4472951,300,0,2,0
1,1,1,1,1,367183,107086,3358663,180,0,0,0
0,0,2,0,1,270069,111746,3061112,360,0,1,0
1,1,2,0,0,486535,14961,2686826,120,1,1,1
0,0,1,1,1,332707,126026,214254,360,0,2,0
0,1,3,1,1,406213,150670,3670950,360,1,0,1
1,1,3,0,1,130056,163408,4226906,360,1,1,1
1,1,1,1,1,466020,171446,1979047,360,0,1,0
1,1,1,0,0,114035,30739,3792668,360,1,2,0
1,1,0,1,0,152157,87435,142603,120,1,1,1
1,0,0,1,1,386921,11142,3004153,180,1,2,1
0,1,1,0,1,438278,17593,1825359,360,0,1,0
0,0,2,0,0,368336,196324,1457716,240,1,2,1
0,1,1,1,1,312396,86789,417709,300,0,2,0
1,0,2,0,1,92910,174831,1342574,360,0,1,0
1,1,3,0,0,183182,131530,3771026,240,0,2,0
1,0,1,1,0,404229,43920,4213520,240,1,0,1
0,1,1,0,0,390095,169814,3819359,180,0,0,0
1,0,0,1,0,284788,97365,3914191,240,0,1,0
1,0,1,0,0,34630,7251,2653579,120,0,1,0
0,0,0,0,1,447672,161458,3820411,300,0,2,0
0,0,2,1,1,341733,46433,1187001,240,1,0,1
1,1,1,1,1,374904,103449,2051803,120,1,0,1
0,0,1,0,0,65466,165664,2977324,240,1,2,1
1,0,0,1,0,342177,80340,3607726,360,0,0,0
1,0,1,1,0,169716,33430,433215,300,1,0,1
0,1,1,1,0,459194,185944,4944230,360,1,1,1
0,1,3,0,1,181432,67655,3610598,360,1,1,1
0,0,0,1,0,348125,97520,4687520,180,0,2,0
0,1,1,1,0,249315,81793,2804188,120,1,0,1
1,0,1,1,0,100155,15311,558709,180,1,0,1
1,1,3,1,0,54860,105950,2678759,300,1,2,1
1,0,3,0,1,412848,101124,1453784,300,1,2,1
0,1,1,1,0,64021,115496,1240334,120,1,2,1
1,1,3,1,1,186780,27089,2044394,180,1,1,1
0,0,0,1,1,35876,148653,1465141,120,0,0,0
0,0,2,0,1,207151,176595,3055138,120,1,1,1
0,1,1,0,1,117963,50968,2459448,120,1,2,1
1,0,1,1,1,142419,121913,323319,360,1,1,1
0,1,3,1,1,44955,11231,3235657,300,0,1,0
0,1,2,0,1,68936,22023,1511852,300,0,2,0
0,0,2,1,1,203516,56875,3967281,240,0,0,0
1,1,0,1,1,188889,101712,65156,180,1,0,1
1,1,3,1,0,210809,135264,4124682,120,0,0,0
1,0,3,1,1,410533,54820,378127,300,1,1,1
1,1,0,0,0,169769,98739,1006040,360,0,0,0
0,0,0,1,0,343804,190944,1050378,300,1,0,1
1,0,1,1,0,212260,69252,4544223,360,1,0,1
0,1,0,0,1,326442,157249,3517969,240,0,2,0
0,1,3,1,1,410235,25750,3012823,120,1,1,1
1,0,3,0,0,35900,142720,1189816,180,0,0,0
0,0,3,0,1,144105,105822,438603,120,1,1,1
0,0,2,1,1,321086,162517,3541210,180,1,2,1
1,0,3,1,1,325383,85763,3608994,300,1,1,1
1,1,0,1,0,84067,105138,3441358,360,1,2,1
1,1,0,0,0,359356,127440,2262871,300,1,1,1
1,0,0,0,0,159244,54237,4932580,360,1,2,0
0,0,3,1,0,127695,133350,4840839,120,1,1,1
0,1,0,0,0,144165,89678,3760329,180,1,2,1
0,1,3,0,0,351797,336,1517224,120,0,1,0
0,0,1,0,1,141912,131523,1562144,300,0,1,0
0,1,2,0,1,276750,157107,2436048,240,0,0,0
1,0,0,0,1,410670,117874,650975,360,1,2,1
1,1,1,0,1,434061,42019,1157874,300,1,2,1
0,0,1,1,0,397714,153514,1519459,120,0,2,0
0,1,2,1,0,59755,36037,1276218,300,0,0,0
1,1,3,0,0,377556,79861,3262466,180,1,1,1
1,1,1,1,0,57568,93377,108747,180,1,1,1
1,0,2,0,0,40324,171412,3766518,180,1,0,1
0,1,1,1,1,193480,141267,1928347,120,1,0,1
1,0,1,0,1,111070,84824,4392786,240,0,1,0
0,0,1,1,0,212246,28577,1679849,180,1,0,1
0,0,1,1,0,484571,177326,1935802,120,1,0,1
1,1,3,0,1,469185,76474,4979108,240,1,1,1
0,1,2,0,1,200004,84198,2100002,360,0,0,0
0,1,1,0,1,400976,23753,1131502,300,0,1,0
0,1,2,1,0,157772,70736,2316934,360,1,1,1
1,1,2,1,0,113591,13921,2879379,300,1,2,0
1,0,3,1,0,388291,113782,3294307,120,1,1,1
1,0,2,0,1,487640,591,4608281,360,0,0,0
1,1,2,0,1,303003,176483,3832432,180,1,1,1
0,0,0,0,0,444970,11344,4341080,120,0,2,0
0,0,1,0,1,451105,137517,4256442,300,1,2,1
0,1,3,0,0,89048,38203,3590616,360,1,2,0
1,0,1,0,1,499910,56629,3566505,360,1,1,1
1,1,0,1,1,428398,73197,1640440,300,0,0,0
0,1,3,0,0,425935,61899,1711722,240,0,2,0
0,0,3,1,1,318356,138055,691977,120,0,2,0
0,1,2,0,0,311319,10873,1021500,120,1,2,1
0,0,2,1,0,245145,192092,1223789,240,1,2,1
1,0,1,0,0,61190,49335,3395908,300,0,0,0
0,1,2,1,0,311231,124000,1482926,360,0,0,0
1,1,2,1,0,180992,121040,3085574,240,1,1,1
0,1,0,1,1,181066,91160,454346,180,0,1,0
0,0,0,1,1,456341,110571,270708,300,1,2,1
0,0,1,1,0,329434,143218,1127485,180,1,1,1
1,1,3,0,0,129930,131566,1819810,240,0,0,0
1,0,2,1,1,380609,192582,1229302,240,0,1,0
1,0,3,0,0,363905,139767,2993894,360,1,0,1
1,0,3,0,0,170185,22358,1216752,300,1,0,1
0,1,2,0,0,45818,151596,4295727,300,0,1,0
1,0,1,0,0,479506,105938,711552,360,1,2,1
0,0,1,1,0,395973,47720,996960,120,0,1,0
1,0,1,0,0,73263,5716,2877007,180,1,0,0
1,1,3,1,0,424269,25406,4949342,240,0,1,0
0,1,2,0,1,124593,19506,4675966,120,1,1,0
1,1,0,1,1,88261,69417,2066877,120,1,1,1
1,1,1,1,1,264670,135824,1591738,120,0,1,0
0,0,3,0,0,147079,158084,870523,360,1,2,1
1,1,3,0,0,175204,180693,3674965,120,1,2,1
1,0,3,1,0,113130,66581,1440070,180,0,2,0
1,0,1,0,1,292135,27456,2005589,300,0,0,0
0,1,3,1,0,470047,181653,733034,180,1,0,1
0,1,2,0,0,64108,199920,1462393,300,0,1,0
0,0,2,1,1,378912,127911,4168684,180,0,0,0
1,1,3,0,1,74546,117515,4900195,180,0,1,0
0,0,2,0,0,395978,177604,3028074,240,1,2,1
0,0,3,0,0,264584,77266,789763,300,1,1,1
0,1,0,0,0,110245,45870,2755111,300,0,0,0
0,0,3,0,1,227672,67350,1699738,360,0,0,0
1,1,2,0,1,62635,131468,1767169,120,1,2,1
1,0,2,1,0,248313,49098,3540655,120,1,0,1
0,0,1,1,1,179698,112977,4663196,120,0,2,0
0,1,3,0,1,316288,22782,3553991,300,0,1,0
0,0,1,1,1,141095,83698,836500,360,1,1,1
1,1,3,1,1,64203,44025,4742974,300,1,1,0
0,0,2,1,0,70388,93059,997040,360,1,0,1
0,1,2,0,0,385174,171060,1222116,360,1,0,1
0,0,2,1,1,227324,168610,4595620,300,0,2,0
0,0,2,0,1,350527,10452,1632710,180,1,0,1
1,1,2,1,0,189853,189615,3177247,360,0,1,0
1,1,1,1,1,146906,117536,4681597,240,1,2,1
1,1,3,0,1,86680,173134,3990391,360,0,0,0
1,0,1,0,0,400981,143547,1636295,300,0,2,0
1,0,3,1,1,253408,186034,2930643,360,1,1,1
1,1,2,0,1,132011,35887,4053249,360,0,0,0
1,1,2,1,1,359035,79900,1275519,180,1,0,1
1,0,2,0,0,355579,171831,1661057,180,0,1,0
1,1,3,1,0,51234,61129,56626,360,0,0,0
1,1,0,0,0,70572,88230,2460121,120,0,2,0
1,1,1,0,1,307512,168860,547439,120,0,0,0
1,1,3,1,0,281118,73923,979265,300,1,0,1
1,0,2,0,1,357089,199549,1342120,300,1,2,1
1,1,3,1,0,153205,52800,3045311,360,1,1,1
0,0,0,0,0,149304,126017,3993546,240,0,1,0
1,0,1,1,0,409482,13241,1817336,300,0,0,0
1,0,0,1,1,277166,92719,2133232,180,1,1,1
0,0,3,1,0,464609,111633,204539,120,0,0,0
1,1,3,1,1,106264,130688,3355101,180,1,1,1
0,1,1,0,1,457133,92623,1429815,120,0,1,0
0,0,2,0,0,223441,192710,4937786,360,0,0,0
0,1,3,1,1,93755,31025,1573790,300,0,1,0
1,0,1,1,1,287890,42762,3646565,180,1,0,1
0,1,1,1,0,486493,3793,1298113,120,1,0,1
0,0,2,0,0,220507,190444,1089135,240,1,1,1
0,1,0,1,0,152454,167367,3629994,240,0,0,0
1,0,3,1,1,432027,28303,915047,360,1,0,1
1,0,3,1,1,290873,164744,2600916,300,0,0,0
1,1,1,1,0,452245,161109,300774,240,0,1,0
1,0,0,0,1,307591,196921,457296,240,1,0,1
1,0,1,1,0,476393,80511,2557920,180,1,1,1
1,0,3,0,0,51073,91137,1862807,180,0,1,0
1,1,1,0,0,55660,177338,521507,120,0,0,0
1,0,0,0,0,409051,180402,2191473,180,1,2,1
0,0,1,0,1,409884,57025,286927,360,1,2,1
0,0,3,1,0,332364,71682,3019619,240,0,1,0
1,1,1,0,0,252123,131817,2707691,300,1,0,1
1,0,3,0,1,176672,182455,273670,180,0,0,0
0,0,3,0,1,50905,52511,3583780,300,0,0,0
1,1,2,1,0,25361,186715,3408700,180,1,1,1
0,0,3,0,0,123235,130242,4451346,240,0,0,0
1,1,2,0,1,283273,79917,1245987,300,1,2,1
0,0,3,1,1,459272,182576,851110,180,1,0,1
1,1,3,1,1,414830,2748,2851038,240,0,1,0
1,1,3,1,1,220626,19760,4820139,360,1,1,0
0,1,1,1,0,233900,81458,2093138,180,1,1,1
1,1,3,1,1,372401,183962,1657871,120,0,1,0
0,0,2,1,0,443968,48965,3233393,180,1,0,1
1,0,3,1,0,310205,69078,146028,120,0,1,0
1,0,0,0,0,499505,129725,301645,360,1,2,1
0,1,0,0,0,99977,102024,2139153,120,1,1,1
1,0,3,0,0,320374,94592,3390037,300,0,2,0
1,1,1,1,1,38362,138784,3802659,300,0,0,0
0,1,2,0,0,188592,51347,1589041,300,0,2,0
1,0,3,0,0,337817,164184,4780425,300,0,0,0
1,0,0,0,0,208845,169651,3020464,240,0,0,0
0,0,3,0,0,311128,144739,3917885,180,0,2,0
0,1,3,1,0,135392,139910,2825841,240,1,0,1
0,0,3,1,1,457258,22892,424303,180,1,0,1
1,0,1,1,1,313863,5805,4095939,120,0,2,0
1,0,3,0,1,199696,98919,3202319,240,0,2,0
1,0,2,1,1,459215,179346,1633290,300,0,2,0
0,0,2,1,0,69486,194686,576281,360,0,1,0
1,1,1,0,0,341019,125356,1391532,180,1,1,1
0,1,2,0,0,322052,101823,4353457,240,1,1,1
1,0,0,1,0,124882,111158,371328,240,0,0,0
0,0,0,1,0,53599,62144,4125601,300,0,0,0
1,0,3,1,1,423756,31021,4865704,120,1,1,1
1,0,0,0,1,317058,155521,992687,360,1,0,1
0,0,2,1,1,261626,107574,3209472,360,1,0,1
0,1,1,0,1,52155,136347,2468860,240,0,1,0
0,0,2,1,1,474710,171878,3955694,240,0,1,0
1,0,3,0,0,214035,136489,2557972,180,0,2,0
1,0,0,1,0,159549,84298,1425747,300,1,2,1
1,1,0,0,0,136600,91990,4367843,120,0,0,0
0,1,3,1,0,139115,66916,1076068,300,1,2,1
1,1,3,0,0,204122,133415,2519496,300,1,0,1
0,0,3,1,0,35944,14227,112414,300,0,2,0
1,1,1,1,0,53658,164759,2804060,300,0,0,0
1,0,0,1,0,70896,173795,3984059,120,0,2,0
0,1,2,1,0,463731,71344,1902947,180,0,0,0
0,0,0,1,1,187298,111277,2186877,360,0,0,0
1,0,1,1,0,481460,21765,3867945,120,1,1,1
0,0,2,0,1,464849,148432,2900167,300,0,2,0
1,0,0,1,0,81081,108601,4092861,360,0,1,0
1,0,0,0,1,365574,78847,3955652,360,1,1,1
1,0,0,0,1,240416,59052,889405,300,1,2,1
0,1,0,0,1,446026,62421,4552976,180,0,1,0
1,1,2,1,0,233769,2043,2322369,360,1,2,1
0,0,1,0,1,74214,145248,1587409,240,1,1,1
1,1,2,0,1,418141,124505,2492005,240,1,0,1
0,0,1,1,0,104246,113532,2753279,180,1,1,1
0,0,3,0,1,367386,95435,4915308,240,1,1,1
1,0,2,0,1,60225,142187,3479471,180,0,1,0
1,1,1,0,0,171727,126932,4495690,120,1,1,1
0,1,1,1,0,365009,21954,539610,360,1,2,1
1,1,3,0,0,202939,151952,666519,360,1,1,1
1,0,1,1,1,238479,153914,1894724,240,1,2,1
1,1,0,0,0,256662,120443,4769037,180,1,1,1
1,0,1,1,1,157029,122027,503045,120,0,1,0
1,0,3,1,0,136772,101215,3447156,240,1,2,1
1,1,2,0,1,138757,100907,4844012,120,0,2,0
0,1,2,1,0,326976,142015,1486025,360,0,0,0
0,1,3,0,0,24825,162696,2296464,240,1,1,1
0,1,3,1,1,27030,122617,538718,240,0,2,0
1,1,0,0,1,499397,37404,3062690,120,1,0,1
0,0,1,1,0,116618,15434,4392742,240,1,1,0
1,0,3,1,1,106752,31359,2523064,240,1,2,1
0,1,1,1,0,227981,58816,3965821,360,1,2,1
1,0,2,0,0,95711,64730,1978076,300,1,1,1
0,1,2,0,0,227936,138518,3667322,120,1,2,1
0,0,0,0,1,155605,181421,3725372,300,1,1,1
0,1,2,0,0,151367,198635,3575981,120,0,1,0
1,1,3,1,1,64281,81740,350975,120,1,0,1
1,0,2,0,1,279169,1348,4604145,180,0,0,0
1,0,2,1,0,428263,164651,3239782,240,0,2,0
0,0,1,0,1,451717,104244,3896631,240,1,1,1
0,0,1,1,1,142500,32006,4551865,360,0,0,0
1,1,0,1,0,73158,43732,4226041,240,1,2,0
0,1,0,1,0,238529,119822,3962480,240,1,1,1
1,1,3,0,1,234927,21159,961886,120,0,2,0
0,1,3,0,0,361984,95683,1689527,120,1,0,1
0,0,1,0,0,141300,93669,1022377,300,1,0,1
1,0,0,1,1,160207,12508,1428527,360,1,0,1
1,0,3,0,0,27204,62715,4773559,240,1,2,0
1,0,1,0,1,295192,145929,2896854,120,1,2,1
1,1,1,1,1,412491,91852,3897234,120,0,1,0
1,0,3,0,0,478228,153057,130567,300,1,1,1
0,1,1,0,1,180621,128434,3092185,300,1,1,1
1,0,1,1,1,389663,153276,2981536,120,1,1,1
0,1,2,0,1,58852,100220,1084626,240,0,2,0
1,0,2,0,1,150976,37363,4072588,120,0,1,0
0,0,2,0,1,98475,193745,4521630,300,0,0,0
0,1,1,1,0,303906,99038,2389748,360,0,0,0
1,1,2,1,0,184516,6695,1986402,240,0,0,0
0,1,3,0,0,125437,149566,3834877,240,0,1,0
1,1,3,1,1,493253,159045,4511339,360,0,2,0
1,0,1,0,0,467390,44013,397804,180,0,2,0
0,0,3,0,1,242306,63815,4373632,240,0,0,0
0,1,1,1,0,42263,192732,1277051,240,1,1,1
0,0,0,1,0,297475,173151,2383564,240,1,2,1
0,1,1,0,0,258572,170172,2859178,240,0,1,0
1,0,2,1,0,337159,175691,217490,300,1,1,1
1,1,3,0,0,362265,195769,2445600,120,0,2,0
1,0,2,0,0,392681,181225,4021850,360,0,0,0
1,1,3,1,0,307673,3633,177356,120,0,1,0
0,0,2,1,0,483639,167191,4689153,240,1,2,1
1,0,1,0,0,381712,19376,1517390,120,1,1,1
0,0,1,1,0,349606,80480,1845479,120,1,0,1
1,0,0,0,0,23115,131210,1945395,300,0,2,0
1,0,2,1,0,53077,10484,2355126,300,0,0,0
1,0,1,1,0,321620,63040,3278212,360,1,1,1
1,1,3,1,1,25726,79486,4618849,360,1,2,0
0,1,3,0,1,88192,116245,3065024,120,1,0,1
0,1,3,0,0,45487,111976,4107277,300,0,0,0
1,1,2,1,1,171028,163717,778894,360,0,0,0
0,1,3,1,1,412953,65370,605947,120,1,1,1
0,0,1,1,0,275213,193002,4647763,240,1,1,1
0,0,1,1,1,343821,76971,1779386,360,1,1,1
1,0,2,1,0,300906,52170,2569525,180,0,1,0
1,0,2,1,0,424107,41399,1544246,240,1,2,1
1,0,1,1,1,467980,31831,2383873,120,0,2,0
0,0,1,0,1,400699,34712,4486920,240,0,1,0
0,0,1,1,0,281738,167534,1493120,300,1,2,1
1,0,2,0,0,72850,189222,431791,240,1,1,1
0,1,0,1,0,55030,131937,4452221,360,0,1,0
1,1,2,1,1,216514,10817,3247019,360,0,0,0
0,0,3,1,0,251515,133497,2995777,300,1,1,1
1,1,2,0,1,123164,181640,2728577,240,0,0,0
1,0,1,0,0,77315,176327,4294720,360,0,2,0
1,1,1,1,0,62135,122643,1222490,120,0,1,0
1,0,1,1,0,267720,9544,4940519,360,1,1,1
0,0,0,1,0,351288,175273,4074738,360,1,2,1
0,0,0,0,1,79897,148582,1703740,180,1,0,1
1,0,1,0,1,322543,45067,1648404,360,0,0,0
1,1,0,0,0,271392,193334,4676517,180,1,1,1
1,0,1,1,0,107383,193417,3482560,180,1,0,1
0,1,1,0,1,364999,138518,3264632,240,0,0,0
0,0,0,1,0,249650,5685,3000750,300,1,2,1
0,0,1,0,1,267372,138002,4623203,300,0,2,0
0,0,2,1,1,400068,134104,1766872,300,0,0,0
0,1,1,0,0,82740,82502,618757,300,0,1,0
1,1,2,0,1,247491,136249,2954390,180,0,0,0
0,0,1,0,0,251517,173053,4006419,240,1,0,1
1,1,0,1,0,345003,122781,284326,240,1,0,1
1,0,2,0,1,250741,148234,3381951,180,0,0,0
0,1,0,0,0,183143,83617,3488995,180,0,2,0
0,1,1,0,0,290226,155353,4098842,240,1,2,1
1,1,0,0,1,177592,138722,3009381,120,0,1,0
1,0,0,1,1,59718,150684,1719126,300,0,1,0
1,0,1,0,1,443689,131964,4758791,120,1,2,1
0,0,0,0,0,292819,164902,3784341,360,1,1,1
0,0,3,0,1,243369,31458,1787230,120,0,2,0
0,0,3,0,1,200179,35720,190714,120,0,2,0
0,0,0,1,1,355187,33976,1411223,360,0,1,0
1,0,0,0,1,210417,73811,3691822,120,1,2,1
0,1,1,1,1,478352,179641,3683031,120,1,0,1
1,1,2,0,1,63929,181598,4721093,180,1,0,1
0,0,0,0,0,211040,196835,4857614,120,0,0,0
1,0,0,1,1,422502,42009,1882950,120,1,1,1
1,1,1,0,1,341103,192797,1648416,300,1,0,1
0,0,0,1,0,167281,95240,4199942,240,0,0,0
0,0,0,1,1,262470,159856,288251,300,1,2,1
1,0,3,0,1,415291,180335,427157,180,1,2,1
0,0,3,1,0,45888,8705,4980123,180,1,0,0
1,1,2,1,0,173979,195368,2668423,120,0,2,0
0,1,3,1,0,454283,122110,3256427,120,1,1,1
1,1,1,0,0,362966,118337,3676808,300,1,1,1
1,0,0,0,0,87640,116449,1056493,300,1,0,1
1,1,0,0,1,432985,183049,2347174,120,1,2,1
0,1,0,1,1,307065,117567,952010,120,0,2,0
0,1,0,0,1,247606,136161,1246626,120,1,2,1
1,1,2,0,0,204368,127705,1062542,120,0,1,0
0,1,2,1,0,225233,57843,1496199,180,0,0,0
1,0,1,0,0,292423,199184,4361550,300,0,0,0
0,0,2,1,0,34635,111459,4010870,240,0,2,0
0,1,0,1,0,115274,98623,3981628,300,1,0,1
1,0,3,1,0,267187,86264,673037,120,1,2,1
0,1,0,1,1,288304,104580,1419843,300,0,0,0
0,0,1,0,1,177707,157300,379493,360,0,0,0
1,0,0,1,1,238281,8746,733699,300,1,1,1
1,1,2,1,1,120627,122999,3255731,240,1,1,1
1,0,1,0,1,292800,40366,1509355,120,0,1,0
1,0,0,1,0,241713,161505,2526605,120,1,1,1
1,1,1,0,0,336183,117589,2035709,120,1,0,1
1,0,1,0,0,234433,173161,4572315,180,1,0,1
1,1,0,0,1,96525,161729,3623478,180,1,2,1
1,0,2,1,1,478062,54653,3049585,120,1,0,1
1,1,3,0,0,198851,109832,1696502,360,1,1,1
1,0,2,0,1,25522,142927,3408176,120,0,1,0
0,0,1,1,0,396736,76128,4907624,300,0,0,0
0,1,0,1,1,295477,4328,4437357,180,0,0,0
0,1,1,0,1,284633,184799,2960387,240,1,1,1
0,0,3,0,1,145986,66441,3253823,180,0,0,0
0,0,1,1,1,208794,150747,1665777,180,0,0,0
0,1,3,0,0,475635,130001,4357014,360,0,2,0
1,1,0,1,1,320000,61260,609137,180,1,2,1
1,0,0,1,0,160749,3104,2192357,360,1,2,1
0,1,0,1,1,92198,78038,390083,180,0,1,0
1,0,0,0,0,198332,97782,2590410,300,1,2,1
1,0,2,1,1,99061,29691,1819656,120,1,2,1
1,0,2,0,1,305056,26423,2256433,300,1,0,1
0,0,1,1,1,331518,106038,1108575,180,1,0,1
0,0,0,0,1,234269,81961,2583211,300,0,1,0
0,0,0,0,0,162782,24339,2882864,360,1,0,1
1,0,1,0,0,319352,177845,3685136,120,1,1,1
0,0,1,1,1,476681,3978,3350219,120,0,0,0
0,0,0,0,0,98153,151247,1859499,300,1,2,1
1,1,0,0,1,324228,169622,3620376,360,0,1,0
1,1,0,1,0,354024,152488,497350,360,1,1,1
0,1,0,0,0,222722,76158,585424,240,1,0,1
0,0,3,1,1,64099,161066,2285611,120,0,1,0
0,1,0,0,1,422601,110424,4389540,300,1,2,1
1,1,3,0,0,50729,5280,4651493,120,1,2,0
1,1,2,1,1,420571,133014,1294717,120,1,2,1
1,0,2,0,0,91651,156236,2749478,180,1,0,1
1,1,1,1,1,328445,108288,566714,120,0,0,0
0,1,0,0,0,318749,106460,229088,180,1,0,1
1,1,2,1,1,82710,116535,4760950,240,1,0,0
0,0,1,1,1,189065,142369,3509820,240,1,0,1
1,0,1,1,0,198911,122296,1127445,300,0,1,0
1,1,0,1,0,43095,25337,534144,240,0,2,0
0,0,1,0,1,380561,21699,3378389,360,0,1,0
1,0,3,1,1,94935,130558,382042,360,1,1,1
1,1,2,0,0,463219,25749,620418,120,1,1,1
0,1,1,1,1,458092,85371,4263484,180,1,1,1
1,0,2,1,0,269901,139711,2802112,240,1,0,1
1,1,3,0,0,85736,108739,2527634,240,0,1,0
1,0,1,1,1,346712,84185,2797513,240,0,1,0
1,0,2,0,0,219969,163551,1489792,360,1,2,1
1,1,1,0,0,397146,80106,2871092,120,1,2,1
1,0,2,0,0,406051,27626,2609375,360,1,1,1
0,0,0,0,0,243271,2606,2530448,360,1,1,1
0,1,1,1,0,117325,186780,4573396,240,1,1,1
